{
  "sf4:age_power/informationscreen": {
    "criteria": {
      "Obtain Information Screen": "2019-09-23 20:32:05 +0200"
    },
    "done": true
  },
  "sf4:age1/sapling/cottonwood": {
    "criteria": {
      "Completed Root": "2019-09-21 20:08:40 +0200",
      "Obtain Cottonwood Sapling": "2019-09-22 13:34:54 +0200"
    },
    "done": true
  },
  "tutorial:tutorial/oakplanks": {
    "criteria": {
      "Obtain Oak Wood Planks": "2019-09-21 20:15:20 +0200"
    },
    "done": false
  },
  "sf4:age1/complete": {
    "criteria": {
      "Completed Amber is the Color of my Dinosaur": "2019-09-22 14:02:08 +0200",
      "Completed Water You Waiting For?": "2019-09-21 21:24:48 +0200",
      "Completed It\u0027s Electric": "2019-09-22 15:16:18 +0200",
      "Completed Nap Time": "2019-09-22 16:57:05 +0200",
      "Completed Blue Man Group": "2019-09-22 14:16:13 +0200",
      "Completed Stop Slabbing Yourself": "2019-09-22 20:50:54 +0200",
      "Completed Sticky Keys": "2019-09-21 20:41:39 +0200",
      "Completed Captain Hook": "2019-09-21 21:11:31 +0200",
      "Completed That\u0027s Dir-tree": "2019-09-21 20:12:07 +0200",
      "Completed Cobble Cobble": "2019-09-22 20:44:38 +0200",
      "Completed Dirty Dancing": "2019-09-21 20:17:18 +0200",
      "Completed Not a Helmet": "2019-09-22 14:36:37 +0200",
      "Completed Lead it Go": "2019-09-22 14:35:50 +0200",
      "Completed You Cotton Be Kidding Me": "2019-09-22 13:34:54 +0200",
      "Completed OinkTree": "2019-09-22 21:57:10 +0200",
      "Completed Root": "2019-09-21 20:08:40 +0200",
      "Completed Lead Zeppelin": "2019-09-22 14:37:19 +0200",
      "Completed COALateral Damage": "2019-09-22 14:02:45 +0200",
      "Completed D\u0027OH!": "2019-09-22 18:06:44 +0200",
      "Completed This Tree is Forever": "2019-09-22 15:20:38 +0200",
      "Completed Hog Tied": "2019-09-22 21:21:56 +0200",
      "Completed One Shiny Boi": "2019-09-22 14:54:56 +0200",
      "Completed Slop in the Bucket": "2019-09-21 20:39:17 +0200",
      "Completed Air Fryer": "2019-09-21 20:16:28 +0200",
      "Completed Silver Spoon": "2019-09-22 15:10:20 +0200",
      "Completed Money Grows on Trees": "2019-09-22 14:59:54 +0200",
      "Completed Trees to Diamonds": "2019-09-22 15:20:38 +0200",
      "Completed Stone Crook": "2019-09-22 13:15:35 +0200",
      "Completed Tin Man": "2019-09-22 13:57:30 +0200",
      "Completed Silver Surfer": "2019-09-22 15:02:56 +0200",
      "Completed You Cotton Something?": "2019-09-22 13:34:54 +0200",
      "Completed Clay Aiken": "2019-09-21 20:26:20 +0200",
      "Completed SkyFactory 4": "2019-09-21 20:08:40 +0200",
      "Completed Hotbois": "2019-09-21 21:22:02 +0200",
      "Completed Sixteen Tons": "2019-09-22 13:56:19 +0200",
      "Completed I Don\u0027t Know": "2019-09-22 21:35:50 +0200",
      "Completed Oh, the Irony": "2019-09-22 14:13:30 +0200",
      "Completed Break a Leg": "2019-09-21 20:35:34 +0200",
      "Completed Eating Dirt": "2019-09-22 13:09:58 +0200",
      "Completed Study in the Dark Arts": "2019-09-22 15:37:41 +0200",
      "Completed I\u0027ve Been Slimed": "2019-09-22 21:47:38 +0200",
      "Completed I Love Lucy": "2019-09-21 20:25:00 +0200",
      "Completed Hardwood": "2019-09-21 20:21:25 +0200",
      "Completed Don\u0027t Sieve on Me": "2019-09-21 20:33:03 +0200",
      "Completed On the Rocks": "2019-09-21 21:13:46 +0200",
      "Completed It\u0027s Tin This Pack": "2019-09-22 13:59:44 +0200",
      "Completed Palm Trees": "2019-09-21 20:51:59 +0200",
      "Completed Starting from the Bottom": "2019-09-21 20:12:10 +0200",
      "Completed Bubble, Bubble": "2019-09-21 20:42:02 +0200",
      "Completed Ironwood": "2019-09-22 14:29:55 +0200"
    },
    "done": false
  },
  "sf4:age1/sapling/bacon": {
    "criteria": {
      "Completed Root": "2019-09-21 20:08:40 +0200",
      "Obtain Bacon Sapling": "2019-09-22 21:57:10 +0200"
    },
    "done": true
  },
  "sf4:age1/nonpacifist": {
    "criteria": {
      "superflat2": "2019-09-21 20:08:40 +0200",
      "superflat32": "2019-09-21 20:08:40 +0200",
      "Completed Root": "2019-09-21 20:08:40 +0200"
    },
    "done": true
  },
  "sf4:age_power/powercelllow": {
    "criteria": {
      "Obtain Low Powercell": "2019-09-23 20:28:57 +0200"
    },
    "done": true
  },
  "sf4:age_exploration/cobaltore": {
    "criteria": {
      "Obtain Cobalt Ore": "2019-09-26 19:28:08 +0200",
      "Obtain Ice Cobalt Ore": "2019-09-26 19:28:08 +0200"
    },
    "done": true
  },
  "sf4:age1/sapling/slime": {
    "criteria": {
      "Completed Root": "2019-09-21 20:08:40 +0200",
      "Obtain Blue Slime Sapling": "2019-09-22 21:35:50 +0200"
    },
    "done": true
  },
  "sf4:age1/string": {
    "criteria": {
      "Completed Root": "2019-09-21 20:08:40 +0200",
      "Obtain Cottonwood Sapling": "2019-09-22 13:34:54 +0200",
      "Obtain String": "2019-09-22 13:34:54 +0200"
    },
    "done": true
  },
  "sf4:age_storage/logicpress": {
    "criteria": {
      "Obtain Logic Press": "2019-09-26 19:28:08 +0200"
    },
    "done": true
  },
  "sf4:age_enhancement/energyupgrade": {
    "criteria": {
      "Obtain Mekanism Energy Upgrade": "2019-09-27 23:04:27 +0200"
    },
    "done": true
  },
  "sf4:age_enhancement/stenciltable": {
    "criteria": {
      "Obtain Tinkers\u0027 Stencil Table": "2019-09-23 20:56:58 +0200"
    },
    "done": true
  },
  "compactmachines:test/7x7x7": {
    "criteria": {
      "Obtain Netherrack": "2019-09-26 19:48:07 +0200"
    },
    "done": false
  },
  "sf4:age_storage/complete_no_prestige": {
    "criteria": {
      "Completed Under Pressure": "2019-09-27 23:16:14 +0200",
      "Prestige Mode Disabled": "2019-09-21 20:08:39 +0200",
      "Completed Wood You Hand Me That Crate Please?": "2019-09-21 21:30:51 +0200",
      "Completed I WANT IT NOW!": "2019-09-22 16:22:22 +0200",
      "Completed Live Long and Processor": "2019-09-24 21:32:42 +0200",
      "Completed Whopper!": "2019-09-22 14:43:50 +0200",
      "Completed Accepting Your True Power": "2019-09-24 21:55:53 +0200",
      "Completed ɹǝddoH": "2019-09-22 14:45:03 +0200",
      "Completed Bay Bay You Can Drive My Car": "2019-09-27 23:30:31 +0200",
      "Completed Drumtendo 64": "2019-09-22 17:42:07 +0200",
      "Completed CAT 5": "2019-09-22 15:44:37 +0200",
      "Completed Windows ME": "2019-09-26 20:44:22 +0200",
      "Completed Master Blaster": "2019-09-22 15:44:37 +0200",
      "Completed 256 Liters of Cola": "2019-09-22 17:42:59 +0200",
      "Completed Age of Storage": "2019-09-21 20:08:39 +0200",
      "Completed Metallicrate": "2019-09-22 17:37:20 +0200",
      "Completed Hop to It": "2019-09-22 14:44:43 +0200",
      "Completed Silicon Valley": "2019-09-24 21:32:42 +0200",
      "Completed Control Yourself": "2019-09-22 16:22:22 +0200",
      "Completed Breaking Bad": "2019-09-24 21:32:42 +0200",
      "Completed Neeeeeeeeerrrrrrrd!": "2019-09-28 14:53:57 +0200",
      "Completed That is Illogical": "2019-09-26 19:28:08 +0200",
      "Completed What Woodent You Store?": "2019-09-21 21:12:09 +0200"
    },
    "done": false
  },
  "sf4:age_storage/bdsandmupgrade1": {
    "criteria": {
      "Obtain x64 Storage Upgrade": "2019-09-22 17:42:07 +0200"
    },
    "done": true
  },
  "sf4:age1/sapling/redstone": {
    "criteria": {
      "Completed Root": "2019-09-21 20:08:40 +0200",
      "Obtain Redstone Sapling": "2019-09-22 15:16:18 +0200"
    },
    "done": true
  },
  "sf4:age1/sapling/petrified": {
    "criteria": {
      "Completed Root": "2019-09-21 20:08:40 +0200",
      "Obtain Petrified Sapling": "2019-09-21 20:21:25 +0200"
    },
    "done": true
  },
  "sf4:age_storage/bdsandmupgrade2": {
    "criteria": {
      "Obtain x256 Storage Upgrade": "2019-09-22 17:42:59 +0200"
    },
    "done": true
  },
  "compactmachines:test/3x3x3": {
    "criteria": {
      "Obtain Grass Block": "2019-09-22 14:33:46 +0200"
    },
    "done": false
  },
  "sf4:age1/sapling/tin": {
    "criteria": {
      "Completed Root": "2019-09-21 20:08:40 +0200",
      "Obtain Tin Sapling": "2019-09-22 13:59:44 +0200"
    },
    "done": true
  },
  "sf4:age_enhancement/cast": {
    "criteria": {
      "Obtain Metal Pickaxe Head Cast": "2019-09-26 19:28:08 +0200"
    },
    "done": true
  },
  "sf4:age_exploration/lostcities": {
    "criteria": {
      "Entered Lost Cities Dimension": "2019-09-26 20:54:51 +0200"
    },
    "done": true
  },
  "sf4:age_exploration/tritaniumore": {
    "criteria": {
      "Obtain Ice Tritanium Ore": "2019-09-26 21:24:01 +0200"
    },
    "done": true
  },
  "sf4:age1/wooden_crook": {
    "criteria": {
      "Completed Root": "2019-09-21 20:08:40 +0200",
      "Obtain Wooden Crook": "2019-09-21 21:11:31 +0200"
    },
    "done": true
  },
  "tutorial:tutorial/copied/sandsapling": {
    "criteria": {
      "Obtain Sand Sapling": "2019-09-21 20:55:04 +0200"
    },
    "done": false
  },
  "sf4:age_power/energizedsmelter": {
    "criteria": {
      "Obtain Energized Smelter": "2019-09-26 20:44:22 +0200"
    },
    "done": true
  },
  "sf4:age_farming/bonsai": {
    "criteria": {
      "Obtain Bonsai Pot": "2019-09-22 20:42:50 +0200"
    },
    "done": true
  },
  "sf4:age_storage/bdsandmmetalcrate": {
    "criteria": {
      "Obtain Metal Crate": "2019-09-22 17:37:20 +0200"
    },
    "done": true
  },
  "pacifist:pacifist_run/root": {
    "criteria": {
      "hasRock": "2019-09-21 20:08:40 +0200"
    },
    "done": false
  },
  "sf4:age_storage/complete": {
    "criteria": {
      "Completed Under Pressure": "2019-09-27 23:16:14 +0200",
      "Completed Wood You Hand Me That Crate Please?": "2019-09-21 21:30:51 +0200",
      "Completed I WANT IT NOW!": "2019-09-22 16:22:22 +0200",
      "Completed Live Long and Processor": "2019-09-24 21:32:42 +0200",
      "Completed Whopper!": "2019-09-22 14:43:50 +0200",
      "Completed Accepting Your True Power": "2019-09-24 21:55:53 +0200",
      "Completed ɹǝddoH": "2019-09-22 14:45:03 +0200",
      "Completed Bay Bay You Can Drive My Car": "2019-09-27 23:30:31 +0200",
      "Completed Drumtendo 64": "2019-09-22 17:42:07 +0200",
      "Completed CAT 5": "2019-09-22 15:44:37 +0200",
      "Completed Windows ME": "2019-09-26 20:44:22 +0200",
      "Completed Master Blaster": "2019-09-22 15:44:37 +0200",
      "Completed 256 Liters of Cola": "2019-09-22 17:42:59 +0200",
      "Completed Age of Storage": "2019-09-21 20:08:39 +0200",
      "Completed Metallicrate": "2019-09-22 17:37:20 +0200",
      "Completed Hop to It": "2019-09-22 14:44:43 +0200",
      "Completed Silicon Valley": "2019-09-24 21:32:42 +0200",
      "Completed Control Yourself": "2019-09-22 16:22:22 +0200",
      "Completed Breaking Bad": "2019-09-24 21:32:42 +0200",
      "Completed Neeeeeeeeerrrrrrrd!": "2019-09-28 14:53:57 +0200",
      "Completed That is Illogical": "2019-09-26 19:28:08 +0200",
      "Completed What Woodent You Store?": "2019-09-21 21:12:09 +0200"
    },
    "done": false
  },
  "tutorial:tutorial/craftingstation": {
    "criteria": {
      "Obtain a Crafting Station": "2019-09-22 16:48:22 +0200"
    },
    "done": false
  },
  "tutorial:tutorial/copied/slimesapling": {
    "criteria": {
      "Obtain Blue Slime Sapling": "2019-09-23 21:53:15 +0200"
    },
    "done": false
  },
  "sf4:age1/slabs": {
    "criteria": {
      "Obtain Chest Slab": "2019-09-22 20:50:54 +0200",
      "Obtain Workbench Slab": "2019-09-22 20:50:54 +0200",
      "Completed Root": "2019-09-21 20:08:40 +0200",
      "Obtain Furnace Slab": "2019-09-22 20:50:54 +0200",
      "Obtain Crafting Station Slab": "2019-09-22 20:50:54 +0200"
    },
    "done": true
  },
  "sf4:age_farming/wheatseeds": {
    "criteria": {
      "Obtain Wheat Seeds": "2019-09-22 14:56:22 +0200"
    },
    "done": true
  },
  "sf4:age_farming/wateringcan": {
    "criteria": {
      "Obtain Watering Can": "2019-09-22 17:18:54 +0200"
    },
    "done": true
  },
  "sf4:age_power/autopackager": {
    "criteria": {
      "Obtain Auto Packager": "2019-09-22 20:28:11 +0200"
    },
    "done": true
  },
  "sf4:age1/lavasource": {
    "criteria": {
      "Completed Root": "2019-09-21 20:08:40 +0200",
      "Completed SkyFactory 4": "2019-09-21 20:08:40 +0200"
    },
    "done": false
  },
  "tutorial:tutorial/copied/petrifiedsapling": {
    "criteria": {
      "Obtain Petrified Sapling": "2019-09-21 20:25:50 +0200"
    },
    "done": false
  },
  "sf4:age_storage/bdsandmwoodencrate": {
    "criteria": {
      "Obtain Wood Crate": "2019-09-21 21:30:51 +0200"
    },
    "done": true
  },
  "sf4:age_exploration/nether": {
    "criteria": {
      "Entered Other Nether": "2019-09-26 19:28:08 +0200",
      "Entered Nether": "2019-09-26 19:28:08 +0200"
    },
    "done": true
  },
  "sf4:age_exploration/witherkill": {
    "criteria": {
      "Killed Wither": "2019-09-29 21:29:42 +0200"
    },
    "done": true
  },
  "sf4:age_enhancement/craftingupgrade": {
    "criteria": {
      "Eat Cyclic Crafting Upgrade": "2019-09-22 21:23:08 +0200"
    },
    "done": true
  },
  "sf4:age_storage/energyacceptor": {
    "criteria": {
      "Obtain Energy Acceptor": "2019-09-24 21:55:53 +0200"
    },
    "done": true
  },
  "hardcore:hardcore/forgivingvoid": {
    "criteria": {
      "Completed Age of Exploration": "2019-09-21 20:08:39 +0200"
    },
    "done": false
  },
  "sf4:age_storage/simplestoragerequest": {
    "criteria": {
      "Obtain Request Block": "2019-09-22 16:22:22 +0200"
    },
    "done": true
  },
  "sf4:age_exploration/huntingdimension": {
    "criteria": {
      "Entered Hunting Dimension": "2019-09-26 19:28:08 +0200"
    },
    "done": true
  },
  "sf4:age_enhancement/completenoprestige": {
    "criteria": {
      "Completed Rolling into the Station": "2019-09-23 20:56:58 +0200",
      "Prestige Mode Disabled": "2019-09-21 20:08:39 +0200",
      "Completed Forging Ahead": "2019-09-23 21:05:34 +0200",
      "Completed Age of Enhancement": "2019-09-21 20:08:39 +0200",
      "Completed An Enchanting Evening": "2019-09-26 20:44:22 +0200",
      "Completed Gotta Go Fast": "2019-09-27 22:51:04 +0200",
      "Completed It\u0027s Over 20!": "2019-09-26 21:16:28 +0200",
      "Completed Sign My Cast": "2019-09-26 19:28:08 +0200",
      "Completed Storage Wars": "2019-09-26 21:47:26 +0200",
      "Completed Ore\u0027nt You Glad I Didn\u0027t Say Banana": "2019-09-21 21:50:16 +0200",
      "Completed Up in Arms": "2019-09-23 21:09:35 +0200",
      "Completed Tim the Tool Man Taylor": "2019-09-23 20:56:58 +0200",
      "Completed Ding!": "2019-09-26 19:28:08 +0200",
      "Completed Unbroken": "2019-09-26 19:28:08 +0200",
      "Completed Edible Arrangements": "2019-09-22 21:23:08 +0200",
      "Completed Keep It Between the Lines": "2019-09-23 20:56:58 +0200",
      "Completed Power Save Mode": "2019-09-27 23:04:27 +0200",
      "Completed Better With Mods": "2019-09-26 19:28:08 +0200"
    },
    "done": false
  },
  "sf4:age_storage/upper": {
    "criteria": {
      "Obtain Upper": "2019-09-22 14:45:03 +0200"
    },
    "done": true
  },
  "sf4:age_exploration/magnesiumore": {
    "criteria": {
      "Obtain Magnesium Ore": "2019-09-27 21:28:40 +0200"
    },
    "done": true
  },
  "tutorial:tutorial/copied/goldsapling": {
    "criteria": {
      "Obtain Gold Sapling": "2019-09-29 21:47:33 +0200"
    },
    "done": false
  },
  "sf4:age1/completenoprestige": {
    "criteria": {
      "Prestige Mode Disabled": "2019-09-21 20:08:39 +0200",
      "Completed Amber is the Color of my Dinosaur": "2019-09-22 14:02:08 +0200",
      "Completed Water You Waiting For?": "2019-09-21 21:24:48 +0200",
      "Completed It\u0027s Electric": "2019-09-22 15:16:18 +0200",
      "Completed Nap Time": "2019-09-22 16:57:05 +0200",
      "Completed Blue Man Group": "2019-09-22 14:16:13 +0200",
      "Completed Stop Slabbing Yourself": "2019-09-22 20:50:54 +0200",
      "Completed Sticky Keys": "2019-09-21 20:41:39 +0200",
      "Completed Captain Hook": "2019-09-21 21:11:31 +0200",
      "Completed That\u0027s Dir-tree": "2019-09-21 20:12:07 +0200",
      "Completed Cobble Cobble": "2019-09-22 20:44:38 +0200",
      "Completed Dirty Dancing": "2019-09-21 20:17:18 +0200",
      "Completed Not a Helmet": "2019-09-22 14:36:37 +0200",
      "Completed Lead it Go": "2019-09-22 14:35:50 +0200",
      "Completed You Cotton Be Kidding Me": "2019-09-22 13:34:54 +0200",
      "Completed OinkTree": "2019-09-22 21:57:10 +0200",
      "Completed Root": "2019-09-21 20:08:40 +0200",
      "Completed Lead Zeppelin": "2019-09-22 14:37:19 +0200",
      "Completed COALateral Damage": "2019-09-22 14:02:45 +0200",
      "Completed D\u0027OH!": "2019-09-22 18:06:44 +0200",
      "Completed This Tree is Forever": "2019-09-22 15:20:38 +0200",
      "Completed Hog Tied": "2019-09-22 21:21:56 +0200",
      "Completed One Shiny Boi": "2019-09-22 14:54:56 +0200",
      "Completed Slop in the Bucket": "2019-09-21 20:39:17 +0200",
      "Completed Air Fryer": "2019-09-21 20:16:28 +0200",
      "Completed Silver Spoon": "2019-09-22 15:10:20 +0200",
      "Completed Money Grows on Trees": "2019-09-22 14:59:54 +0200",
      "Completed Trees to Diamonds": "2019-09-22 15:20:38 +0200",
      "Completed Stone Crook": "2019-09-22 13:15:35 +0200",
      "Completed Tin Man": "2019-09-22 13:57:30 +0200",
      "Completed Silver Surfer": "2019-09-22 15:02:56 +0200",
      "Completed You Cotton Something?": "2019-09-22 13:34:54 +0200",
      "Completed Clay Aiken": "2019-09-21 20:26:20 +0200",
      "Completed SkyFactory 4": "2019-09-21 20:08:40 +0200",
      "Completed Hotbois": "2019-09-21 21:22:02 +0200",
      "Completed Sixteen Tons": "2019-09-22 13:56:19 +0200",
      "Completed I Don\u0027t Know": "2019-09-22 21:35:50 +0200",
      "Completed Oh, the Irony": "2019-09-22 14:13:30 +0200",
      "Completed Break a Leg": "2019-09-21 20:35:34 +0200",
      "Completed Eating Dirt": "2019-09-22 13:09:58 +0200",
      "Completed Study in the Dark Arts": "2019-09-22 15:37:41 +0200",
      "Completed I\u0027ve Been Slimed": "2019-09-22 21:47:38 +0200",
      "Completed I Love Lucy": "2019-09-21 20:25:00 +0200",
      "Completed Hardwood": "2019-09-21 20:21:25 +0200",
      "Completed Don\u0027t Sieve on Me": "2019-09-21 20:33:03 +0200",
      "Completed On the Rocks": "2019-09-21 21:13:46 +0200",
      "Completed It\u0027s Tin This Pack": "2019-09-22 13:59:44 +0200",
      "Completed Palm Trees": "2019-09-21 20:51:59 +0200",
      "Completed Starting from the Bottom": "2019-09-21 20:12:10 +0200",
      "Completed Bubble, Bubble": "2019-09-21 20:42:02 +0200",
      "Completed Ironwood": "2019-09-22 14:29:55 +0200"
    },
    "done": true
  },
  "sf4:age_exploration/completenoprestige": {
    "criteria": {
      "Completed Thorium\u0027s Hammer": "2019-09-27 21:20:24 +0200",
      "Completed Come Fly With Me": "2019-09-24 21:38:43 +0200",
      "Completed You\u0027re Boron Me": "2019-09-27 21:32:02 +0200",
      "Prestige Mode Disabled": "2019-09-21 20:08:39 +0200",
      "Completed Enter the Twilight": "2019-09-24 22:02:34 +0200",
      "Completed Uranium Fever": "2019-09-27 21:24:22 +0200",
      "Completed Let the Hunt Begin": "2019-09-26 19:28:08 +0200",
      "Completed No Cake Like Home": "2019-09-24 22:02:34 +0200",
      "Completed Smells Like Nirvana": "2019-09-27 21:32:20 +0200",
      "Completed Lost and Found": "2019-09-26 20:54:51 +0200",
      "Completed Wither Without You": "2019-09-29 21:29:42 +0200",
      "Completed You\u0027re Tritanium to Bring Me Down": "2019-09-26 21:24:01 +0200",
      "Completed Nether Here Nor There": "2019-09-26 19:28:08 +0200",
      "Completed Even Scotty Doesn\u0027t Know": "2019-09-27 21:22:42 +0200",
      "Completed Age of Exploration": "2019-09-21 20:08:39 +0200",
      "Completed Light up Your Night": "2019-09-27 21:28:40 +0200"
    },
    "done": false
  },
  "sf4:age_farming/root": {
    "criteria": {
      "killedByEntity": "2019-09-22 14:56:22 +0200",
      "enterDimension": "2019-09-22 14:56:22 +0200",
      "killEntity": "2019-09-22 14:56:22 +0200",
      "location": "2019-09-22 14:56:22 +0200",
      "breakBlock": "2019-09-22 14:56:22 +0200",
      "inventoryChange": "2019-09-21 20:08:39 +0200",
      "craftItem": "2019-09-22 14:56:22 +0200"
    },
    "done": true
  },
  "sf4:age_power/root": {
    "criteria": {
      "killedByEntity": "2019-09-22 17:05:42 +0200",
      "enterDimension": "2019-09-22 17:05:42 +0200",
      "killEntity": "2019-09-22 17:05:42 +0200",
      "location": "2019-09-22 17:05:42 +0200",
      "breakBlock": "2019-09-22 17:05:42 +0200",
      "inventoryChange": "2019-09-21 20:08:39 +0200",
      "craftItem": "2019-09-22 17:05:42 +0200"
    },
    "done": true
  },
  "tutorial:tutorial/copied/claysapling": {
    "criteria": {
      "Obtain a Clay Sapling": "2019-09-21 20:32:33 +0200"
    },
    "done": false
  },
  "tutorial:tutorial/copied/obsidian": {
    "criteria": {
      "Obtain Obsidian": "2019-09-26 19:40:56 +0200"
    },
    "done": false
  },
  "sf4:age1/sleep": {
    "criteria": {
      "Completed Root": "2019-09-21 20:08:40 +0200",
      "Right Click on Bed": "2019-09-22 16:57:05 +0200"
    },
    "done": true
  },
  "sf4:age1/sapling/lead": {
    "criteria": {
      "Completed Root": "2019-09-21 20:08:40 +0200",
      "Obtain Lead Sapling": "2019-09-22 14:37:19 +0200"
    },
    "done": true
  },
  "sf4:age_exploration/lostcitiesworld": {
    "criteria": {
      "Entered Lost Cities Dimension": "2019-09-26 20:54:49 +0200"
    },
    "done": true
  },
  "sf4:age1/sapling/diamond": {
    "criteria": {
      "Completed Root": "2019-09-21 20:08:40 +0200",
      "Obtain Diamond Sapling": "2019-09-22 15:20:38 +0200"
    },
    "done": true
  },
  "sf4:age_storage/siliconpress": {
    "criteria": {
      "Obtain Silicon Press": "2019-09-24 21:32:42 +0200"
    },
    "done": true
  },
  "sf4:age1/watersource": {
    "criteria": {
      "Completed Root": "2019-09-21 20:08:40 +0200",
      "Completed SkyFactory 4": "2019-09-21 20:08:40 +0200"
    },
    "done": false
  },
  "sf4:age_power/treadmill": {
    "criteria": {
      "Obtain Pig Treadmill": "2019-09-28 14:26:50 +0200"
    },
    "done": true
  },
  "sf4:age_exploration/boronore": {
    "criteria": {
      "Obtain Boron Ore": "2019-09-27 21:32:02 +0200"
    },
    "done": true
  },
  "sf4:age_farming/animalseeds": {
    "criteria": {
      "Sheep Seed": "2019-09-22 17:54:17 +0200",
      "Cow Seed": "2019-09-22 17:56:04 +0200",
      "Horse Seed": "2019-09-27 23:09:34 +0200",
      "Villager Seed": "2019-09-22 21:32:20 +0200",
      "Chicken Seed": "2019-09-22 17:43:44 +0200",
      "Pig Seed": "2019-09-22 17:13:08 +0200"
    },
    "done": false
  },
  "sf4:age1/cauldron": {
    "criteria": {
      "Completed Root": "2019-09-21 20:08:40 +0200",
      "Obtain a Cauldron": "2019-09-21 20:42:02 +0200"
    },
    "done": true
  },
  "sf4:age1/cobblestone_generator": {
    "criteria": {
      "Completed Root": "2019-09-21 20:08:40 +0200",
      "Open Chest Filled with Cobblestone": "2019-09-22 20:44:38 +0200"
    },
    "done": true
  },
  "tutorial:tutorial/copied/cobblestone": {
    "criteria": {
      "Obtain Cobblestone Block": "2019-09-22 13:09:01 +0200"
    },
    "done": false
  },
  "sf4:age_enhancement/partbuilder": {
    "criteria": {
      "Obtain Tinkers\u0027 Part Builder": "2019-09-23 20:56:58 +0200"
    },
    "done": true
  },
  "sf4:age1/sapling/gravel": {
    "criteria": {
      "Completed Root": "2019-09-21 20:08:40 +0200",
      "Obtain Gravel Sapling": "2019-09-21 20:33:03 +0200"
    },
    "done": true
  },
  "sf4:age1/crushing_tub": {
    "criteria": {
      "Obtain Crushing Tub": "2019-09-21 20:25:00 +0200",
      "Completed Root": "2019-09-21 20:08:40 +0200"
    },
    "done": true
  },
  "sf4:age1/prestige_notify": {
    "criteria": {
      "Completed Root": "2019-09-21 20:08:40 +0200"
    },
    "done": false
  },
  "tutorial:tutorial/petrifiedacorn": {
    "criteria": {
      "Obtain Oak Wood Planks": "2019-09-21 20:23:09 +0200"
    },
    "done": false
  },
  "sf4:age1/lava": {
    "criteria": {
      "Completed Root": "2019-09-21 20:08:40 +0200",
      "Obtain Lava Clay Bucket": "2019-09-21 21:22:02 +0200",
      "Obtain Lava Iron Bucket": "2019-09-21 21:22:02 +0200"
    },
    "done": true
  },
  "pacifist:pacifist_run/lose": {
    "criteria": {
      "killed poor innocent creature": "2019-09-21 20:50:10 +0200"
    },
    "done": false
  },
  "sf4:age1/root": {
    "criteria": {
      "non_tutorial_start": "2019-09-21 20:08:40 +0200"
    },
    "done": true
  },
  "sf4:age1/sapling/donut": {
    "criteria": {
      "Completed Root": "2019-09-21 20:08:40 +0200",
      "Obtain Donut Sapling": "2019-09-22 18:06:44 +0200"
    },
    "done": true
  },
  "tutorial:tutorial/copied/ironsapling": {
    "criteria": {
      "Obtain Iron Sapling": "2019-09-22 20:06:29 +0200"
    },
    "done": false
  },
  "sf4:age_farming/fertilesoil": {
    "criteria": {
      "Obtain Fertile Soil": "2019-09-23 18:58:33 +0200"
    },
    "done": true
  },
  "sf4:age1/sapling/silver": {
    "criteria": {
      "Completed Root": "2019-09-21 20:08:40 +0200",
      "Obtain Silver Sapling": "2019-09-22 15:10:20 +0200"
    },
    "done": true
  },
  "sf4:age_power/completenoprestige": {
    "criteria": {
      "Prestige Mode Disabled": "2019-09-21 20:08:39 +0200",
      "Completed Max Power": "2019-09-23 20:28:57 +0200",
      "Completed Gotta Smelt Fast": "2019-09-26 20:44:22 +0200",
      "Completed Getting into Shape": "2019-09-27 23:10:51 +0200",
      "Completed Clicker Hero": "2019-09-26 19:28:08 +0200",
      "Completed Chargin\u0027 Mah Lazer!": "2019-09-24 20:51:09 +0200",
      "Completed Made for Each Other": "2019-09-24 21:20:37 +0200",
      "Completed Age of Power": "2019-09-21 20:08:39 +0200",
      "Completed Go, Go, Building Gadget": "2019-09-24 20:51:09 +0200",
      "Completed B-Aiken be Aiken": "2019-09-28 14:26:50 +0200",
      "Completed Get Informed!": "2019-09-23 20:32:05 +0200",
      "Completed Package Control": "2019-09-22 20:28:11 +0200",
      "Completed Generator, I Hardly Know Her": "2019-09-22 17:05:42 +0200"
    },
    "done": false
  },
  "sf4:age1/sapling/clay": {
    "criteria": {
      "Completed Root": "2019-09-21 20:08:40 +0200",
      "Obtain a Clay Sapling": "2019-09-21 20:26:20 +0200"
    },
    "done": true
  },
  "sf4:age1/cobblestone": {
    "criteria": {
      "Completed Root": "2019-09-21 20:08:40 +0200",
      "Obtain Cobblestone Block": "2019-09-21 21:13:46 +0200"
    },
    "done": true
  },
  "sf4:age1/sapling/gold": {
    "criteria": {
      "Completed Root": "2019-09-21 20:08:40 +0200",
      "Obtain Gold Sapling": "2019-09-22 14:59:54 +0200"
    },
    "done": true
  },
  "sf4:age_farming/hoppingbonsai": {
    "criteria": {
      "Obtain Bonsai Pot": "2019-09-23 18:55:03 +0200"
    },
    "done": true
  },
  "sf4:age_storage/calculationpress": {
    "criteria": {
      "Obtain Calculation Press": "2019-09-28 14:53:57 +0200"
    },
    "done": true
  },
  "sf4:age_farming/sugarcaneseed": {
    "criteria": {
      "Obtain Sugar Cane Seeds": "2019-09-22 17:46:56 +0200"
    },
    "done": true
  },
  "sf4:age1/amber/tin": {
    "criteria": {
      "Completed Root": "2019-09-21 20:08:40 +0200",
      "Obtain Tin Amber": "2019-09-22 13:57:30 +0200"
    },
    "done": true
  },
  "sf4:age1/acorn/dirt": {
    "criteria": {
      "Obtain Dirt Acorn": "2019-09-21 20:12:10 +0200",
      "Completed Root": "2019-09-21 20:08:40 +0200"
    },
    "done": true
  },
  "sf4:age_power/alloyfurnace": {
    "criteria": {
      "Obtain Alloy Furnace": "2019-09-24 21:20:37 +0200"
    },
    "done": true
  },
  "sf4:age_allthethingsomglol/complete": {
    "criteria": {
      "Completed Age of ALLTHETHINGSOMGLOL": "2019-09-21 20:08:39 +0200"
    },
    "done": false
  },
  "tutorial:tutorial/oakwood": {
    "criteria": {
      "Obtain Oak Wood": "2019-09-21 20:15:20 +0200"
    },
    "done": false
  },
  "sf4:age_enhancement/root": {
    "criteria": {
      "killedByEntity": "2019-09-21 21:50:16 +0200",
      "enterDimension": "2019-09-21 21:50:16 +0200",
      "killEntity": "2019-09-21 21:50:16 +0200",
      "location": "2019-09-21 21:50:16 +0200",
      "breakBlock": "2019-09-21 21:50:16 +0200",
      "inventoryChange": "2019-09-21 20:08:39 +0200",
      "craftItem": "2019-09-21 21:50:16 +0200"
    },
    "done": true
  },
  "sf4:age_exploration/overworldcake": {
    "criteria": {
      "Obtain Overworld Cake": "2019-09-24 22:02:34 +0200"
    },
    "done": true
  },
  "sf4:age_exploration/complete": {
    "criteria": {
      "Completed Thorium\u0027s Hammer": "2019-09-27 21:20:24 +0200",
      "Completed Come Fly With Me": "2019-09-24 21:38:43 +0200",
      "Completed You\u0027re Boron Me": "2019-09-27 21:32:02 +0200",
      "Completed Uranium Fever": "2019-09-27 21:24:22 +0200",
      "Completed Let the Hunt Begin": "2019-09-26 19:28:08 +0200",
      "Completed No Cake Like Home": "2019-09-24 22:02:34 +0200",
      "Completed Smells Like Nirvana": "2019-09-27 21:32:20 +0200",
      "Completed Lost and Found": "2019-09-26 20:54:51 +0200",
      "Completed Wither Without You": "2019-09-29 21:29:42 +0200",
      "Completed You\u0027re Tritanium to Bring Me Down": "2019-09-26 21:24:01 +0200",
      "Completed Nether Here Nor There": "2019-09-26 19:28:08 +0200",
      "Completed Even Scotty Doesn\u0027t Know": "2019-09-27 21:22:42 +0200",
      "Completed Age of Exploration": "2019-09-21 20:08:39 +0200",
      "Completed Light up Your Night": "2019-09-27 21:28:40 +0200"
    },
    "done": false
  },
  "sf4:age1/sapling/dirt": {
    "criteria": {
      "Obtain Dirt Sapling": "2019-09-21 20:12:07 +0200",
      "Completed Root": "2019-09-21 20:08:40 +0200"
    },
    "done": true
  },
  "sf4:age1/resourcehogs": {
    "criteria": {
      "Completed Root": "2019-09-21 20:08:40 +0200",
      "Obtain Cobblestone Mud": "2019-09-22 21:21:56 +0200"
    },
    "done": true
  },
  "sf4:age1/iron_ingot": {
    "criteria": {
      "Completed Root": "2019-09-21 20:08:40 +0200",
      "Obtain Iron Ingot": "2019-09-22 14:13:30 +0200"
    },
    "done": true
  },
  "sf4:age_exploration/arditeore": {
    "criteria": {
      "Obtain Ardite Ore": "2019-09-26 19:28:08 +0200",
      "Obtain Ice Ardite Ore": "2019-09-26 19:28:08 +0200"
    },
    "done": true
  },
  "sf4:age1/green_slimy_dirt": {
    "criteria": {
      "Completed Root": "2019-09-21 20:08:40 +0200",
      "Obtain Green Slime Dirt": "2019-09-22 21:47:38 +0200"
    },
    "done": true
  },
  "sf4:age_enhancement/tank": {
    "criteria": {
      "Obtain Tank": "2019-09-21 21:50:16 +0200",
      "Obtain Porcelain Tank": "2019-09-21 21:50:16 +0200"
    },
    "done": true
  },
  "sf4:age_storage/hopper": {
    "criteria": {
      "Obtain Hopper": "2019-09-22 14:44:43 +0200"
    },
    "done": true
  },
  "sf4:age1/iron_bucket": {
    "criteria": {
      "Completed Root": "2019-09-21 20:08:40 +0200",
      "Obtain Iron Bucket": "2019-09-22 14:36:37 +0200"
    },
    "done": true
  },
  "tutorial:tutorial/copied/gravelsapling": {
    "criteria": {
      "Obtain Gravel Sapling": "2019-09-21 20:34:52 +0200"
    },
    "done": false
  },
  "sf4:age1/amber/silver": {
    "criteria": {
      "Completed Root": "2019-09-21 20:08:40 +0200",
      "Obtain Silver Amber": "2019-09-22 15:02:56 +0200"
    },
    "done": true
  },
  "sf4:age_enhancement/toolstation": {
    "criteria": {
      "Obtain Tool Station": "2019-09-23 20:56:58 +0200"
    },
    "done": true
  },
  "sf4:age1/amber/lead": {
    "criteria": {
      "Completed Root": "2019-09-21 20:08:40 +0200",
      "Obtain Lead Amber": "2019-09-22 14:35:50 +0200"
    },
    "done": true
  },
  "sf4:age_storage/engineeringpress": {
    "criteria": {
      "Obtain Engineering Press": "2019-09-27 23:16:14 +0200"
    },
    "done": true
  },
  "sf4:age_farming/brownmulch": {
    "criteria": {
      "Obtain Brown Mulch": "2019-09-23 19:01:19 +0200"
    },
    "done": true
  },
  "sf4:age_storage/logicprocessor": {
    "criteria": {
      "Obtain Logic Processor": "2019-09-24 21:32:42 +0200"
    },
    "done": true
  },
  "tutorial:tutorial/placedirtsapling": {
    "criteria": {
      "Placed Dirt Sapling": "2019-09-21 20:16:03 +0200"
    },
    "done": false
  },
  "sf4:age_exploration/dilithiumore": {
    "criteria": {
      "Obtain Dilithium Crystals": "2019-09-27 21:22:42 +0200"
    },
    "done": true
  },
  "tutorial:tutorial/copied/sleep": {
    "criteria": {
      "Slept in a bed": "2019-09-22 17:51:47 +0200"
    },
    "done": false
  },
  "sf4:age1/amber/gold": {
    "criteria": {
      "Completed Root": "2019-09-21 20:08:40 +0200",
      "Obtain Gold Amber": "2019-09-22 14:54:56 +0200"
    },
    "done": true
  },
  "tutorial:tutorial/dirtsapling": {
    "criteria": {
      "Obtain a Dirt Sapling": "2019-09-21 20:12:07 +0200"
    },
    "done": false
  },
  "tutorial:tutorial/copied/cauldron": {
    "criteria": {
      "Obtain a Cauldron": "2019-09-21 21:11:48 +0200"
    },
    "done": false
  },
  "sf4:age_storage/simplestoragecontroller": {
    "criteria": {
      "Obtain Processing Controller": "2019-09-22 16:22:22 +0200"
    },
    "done": true
  },
  "sf4:age_farming/skyorchards": {
    "criteria": {
      "Obtain Dirt Sapling": "2019-09-21 20:12:07 +0200",
      "Obtain Coal Sapling": "2019-09-23 21:03:12 +0200",
      "Obtain Netherrack Sapling": "2019-09-22 21:15:28 +0200",
      "Obtain Diamond Sapling": "2019-09-22 21:50:29 +0200",
      "Obtain Copper Sapling": "2019-09-23 19:10:28 +0200",
      "Obtain Emerald Sapling": "2019-09-22 21:02:35 +0200",
      "Obtain Petrified Sapling": "2019-09-21 20:25:50 +0200",
      "Obtain Iron Sapling": "2019-09-22 20:06:29 +0200",
      "Obtain Sand Sapling": "2019-09-21 20:55:04 +0200",
      "Obtain Gold Sapling": "2019-09-29 21:47:33 +0200",
      "Obtain Redstone Sapling": "2019-09-23 19:11:08 +0200",
      "Obtain Clay Sapling": "2019-09-21 20:32:33 +0200",
      "Obtain Gravel Sapling": "2019-09-21 20:34:52 +0200",
      "Obtain Bone Sapling": "2019-09-21 21:53:43 +0200"
    },
    "done": false
  },
  "sf4:age_exploration/skygriddragonkill": {
    "criteria": {
      "Completed Age of Exploration": "2019-09-21 20:08:39 +0200"
    },
    "done": false
  },
  "tutorial:tutorial/copied/water": {
    "criteria": {
      "Obtain Water in an Iron Bucket": "2019-09-22 17:18:30 +0200"
    },
    "done": false
  },
  "tutorial:tutorial/copied/crushingtub": {
    "criteria": {
      "Obtain Crushing Tub": "2019-09-22 21:34:01 +0200"
    },
    "done": false
  },
  "sf4:age1/sapling/lapis": {
    "criteria": {
      "Completed Root": "2019-09-21 20:08:40 +0200",
      "Obtain Lapis Sapling": "2019-09-22 14:16:13 +0200"
    },
    "done": true
  },
  "sf4:age1/coal": {
    "criteria": {
      "Completed Root": "2019-09-21 20:08:40 +0200",
      "Obtain Coal Sapling": "2019-09-22 14:02:45 +0200"
    },
    "done": true
  },
  "sf4:age_farming/cowjar": {
    "criteria": {
      "Obtain Cow in a Jar": "2019-09-29 15:55:48 +0200"
    },
    "done": true
  },
  "sf4:age_enhancement/levelup": {
    "criteria": {
      "Level Up Tinkers\u0027 Pickaxe": "2019-09-26 19:28:08 +0200"
    },
    "done": true
  },
  "sf4:age_exploration/root": {
    "criteria": {
      "killedByEntity": "2019-09-24 21:38:43 +0200",
      "enterDimension": "2019-09-24 21:38:43 +0200",
      "killEntity": "2019-09-24 21:38:43 +0200",
      "location": "2019-09-24 21:38:43 +0200",
      "breakBlock": "2019-09-24 21:38:43 +0200",
      "inventoryChange": "2019-09-21 20:08:39 +0200",
      "craftItem": "2019-09-24 21:38:43 +0200"
    },
    "done": true
  },
  "sf4:age_enhancement/speedupgrade": {
    "criteria": {
      "Obtain Mekanism Speed Upgrade": "2019-09-27 22:51:04 +0200"
    },
    "done": true
  },
  "tutorial:tutorial/copied/coalsapling": {
    "criteria": {
      "Obtain Coal Sapling": "2019-09-23 21:03:12 +0200"
    },
    "done": false
  },
  "sf4:age_storage/bdsandmwoodenbarrel": {
    "criteria": {
      "Obtain Wooden Barrel": "2019-09-21 21:12:09 +0200"
    },
    "done": true
  },
  "sf4:age_storage/root": {
    "criteria": {
      "killedByEntity": "2019-09-21 21:12:09 +0200",
      "enterDimension": "2019-09-21 21:12:09 +0200",
      "killEntity": "2019-09-21 21:12:09 +0200",
      "location": "2019-09-21 21:12:09 +0200",
      "breakBlock": "2019-09-21 21:12:09 +0200",
      "inventoryChange": "2019-09-21 20:08:39 +0200",
      "craftItem": "2019-09-21 21:12:09 +0200"
    },
    "done": true
  },
  "sf4:age1/diamond": {
    "criteria": {
      "Obtain Diamond": "2019-09-22 15:20:38 +0200",
      "Completed Root": "2019-09-21 20:08:40 +0200"
    },
    "done": true
  },
  "sf4:age1/obsidian": {
    "criteria": {
      "Completed Root": "2019-09-21 20:08:40 +0200",
      "Obtain Obsidian": "2019-09-22 15:37:41 +0200"
    },
    "done": true
  },
  "tutorial:tutorial/copied/lava": {
    "criteria": {
      "Obtain Lava Iron Bucket": "2019-09-26 19:41:45 +0200"
    },
    "done": false
  },
  "sf4:age1/sapling/sand": {
    "criteria": {
      "Completed Root": "2019-09-21 20:08:40 +0200",
      "Obtain Sand Sapling": "2019-09-21 20:51:59 +0200"
    },
    "done": true
  },
  "sf4:age_enhancement/armorstation": {
    "criteria": {
      "Obtain Armor Station": "2019-09-23 21:09:35 +0200"
    },
    "done": true
  },
  "sf4:age_storage/simplestoragecable": {
    "criteria": {
      "Obtain Network Cable": "2019-09-22 15:44:37 +0200"
    },
    "done": true
  },
  "sf4:age1/dirt": {
    "criteria": {
      "Completed Root": "2019-09-21 20:08:40 +0200",
      "Craft Dirt Block": "2019-09-21 20:17:18 +0200"
    },
    "done": true
  },
  "sf4:age1/sapling/coal": {
    "criteria": {
      "Completed Root": "2019-09-21 20:08:40 +0200",
      "Obtain Coal Sapling": "2019-09-22 13:56:19 +0200"
    },
    "done": true
  },
  "sf4:age_enhancement/enchantmenttable": {
    "criteria": {
      "Obtain Enchantment Table": "2019-09-26 20:44:22 +0200"
    },
    "done": true
  },
  "sf4:age_enhancement/complete": {
    "criteria": {
      "Completed Rolling into the Station": "2019-09-23 20:56:58 +0200",
      "Completed Forging Ahead": "2019-09-23 21:05:34 +0200",
      "Completed Age of Enhancement": "2019-09-21 20:08:39 +0200",
      "Completed An Enchanting Evening": "2019-09-26 20:44:22 +0200",
      "Completed Gotta Go Fast": "2019-09-27 22:51:04 +0200",
      "Completed It\u0027s Over 20!": "2019-09-26 21:16:28 +0200",
      "Completed Sign My Cast": "2019-09-26 19:28:08 +0200",
      "Completed Storage Wars": "2019-09-26 21:47:26 +0200",
      "Completed Ore\u0027nt You Glad I Didn\u0027t Say Banana": "2019-09-21 21:50:16 +0200",
      "Completed Up in Arms": "2019-09-23 21:09:35 +0200",
      "Completed Tim the Tool Man Taylor": "2019-09-23 20:56:58 +0200",
      "Completed Ding!": "2019-09-26 19:28:08 +0200",
      "Completed Unbroken": "2019-09-26 19:28:08 +0200",
      "Completed Edible Arrangements": "2019-09-22 21:23:08 +0200",
      "Completed Keep It Between the Lines": "2019-09-23 20:56:58 +0200",
      "Completed Power Save Mode": "2019-09-27 23:04:27 +0200",
      "Completed Better With Mods": "2019-09-26 19:28:08 +0200"
    },
    "done": false
  },
  "sf4:age_exploration/lithiumore": {
    "criteria": {
      "Obtain Lithium Ore": "2019-09-27 21:32:20 +0200"
    },
    "done": true
  },
  "sf4:age_enhancement/tconmodifier": {
    "criteria": {
      "Apply 4 Modifers": "2019-09-26 19:28:08 +0200",
      "Apply 2 Modifers": "2019-09-26 19:28:08 +0200",
      "Apply 5 Modifers": "2019-09-26 19:28:08 +0200",
      "Apply 3 Modifers": "2019-09-26 19:28:08 +0200",
      "Apply 1 Modifer": "2019-09-26 19:28:08 +0200"
    },
    "done": true
  },
  "sf4:age_enhancement/20damage": {
    "criteria": {
      "Deal 20 or More Damage": "2019-09-26 21:16:28 +0200"
    },
    "done": true
  },
  "tutorial:tutorial/copied/claybucket": {
    "criteria": {
      "Obtain Clay Bucket": "2019-09-22 14:28:44 +0200"
    },
    "done": false
  },
  "sf4:age_exploration/twilightforest": {
    "criteria": {
      "Entered Twilight Forest Dimension": "2019-09-24 22:02:34 +0200"
    },
    "done": true
  },
  "sf4:age_power/simplegenerator": {
    "criteria": {
      "Obtain Simple Turbine Generator": "2019-09-22 17:05:42 +0200",
      "Obtain Simple Geothermal Generator": "2019-09-22 17:05:42 +0200",
      "Obtain Simple Ender Generator": "2019-09-22 17:05:42 +0200",
      "Obtain Simple Combustion Generator": "2019-09-22 17:05:42 +0200",
      "Obtain Simple Culinary Generator": "2019-09-22 17:05:42 +0200",
      "Obtain Simple Fluid Combustion Generator": "2019-09-22 17:05:42 +0200",
      "Obtain Simple Soul Generator": "2019-09-22 17:05:42 +0200",
      "Obtain Simple Nether Generator": "2019-09-22 17:05:42 +0200"
    },
    "done": true
  },
  "sf4:age1/stone_crook": {
    "criteria": {
      "Completed Root": "2019-09-21 20:08:40 +0200",
      "Obtain Stone Crook": "2019-09-22 13:15:35 +0200"
    },
    "done": true
  },
  "sf4:age1/sapling/iron": {
    "criteria": {
      "Completed Root": "2019-09-21 20:08:40 +0200",
      "Obtain Iron Sapling": "2019-09-22 14:29:55 +0200"
    },
    "done": true
  },
  "sf4:age_exploration/thoriumore": {
    "criteria": {
      "Obtain Thorium Ore": "2019-09-27 21:20:24 +0200"
    },
    "done": true
  },
  "sf4:age1/sapling/bone": {
    "criteria": {
      "Completed Root": "2019-09-21 20:08:40 +0200",
      "Obtain Bone Sapling": "2019-09-21 20:35:34 +0200"
    },
    "done": true
  },
  "pacifist:pacifist_run/peaceful": {
    "criteria": {
      "brokeLeaves": "2019-09-21 20:15:20 +0200",
      "brokeLog": "2019-09-21 20:15:20 +0200"
    },
    "done": false
  },
  "sf4:age_power/charger1": {
    "criteria": {
      "Obtain Tier 1 Charger": "2019-09-24 20:51:09 +0200"
    },
    "done": true
  },
  "sf4:age1/water": {
    "criteria": {
      "Completed Root": "2019-09-21 20:08:40 +0200",
      "Obtain Water in an Iron Bucket": "2019-09-21 21:24:48 +0200",
      "Obtain Water in a Clay Bucket": "2019-09-21 21:24:48 +0200"
    },
    "done": true
  },
  "sf4:age1/acorn/dirt_cooked": {
    "criteria": {
      "Completed Root": "2019-09-21 20:08:40 +0200",
      "Obtain Cooked Dirt Acorn": "2019-09-22 13:09:58 +0200"
    },
    "done": true
  },
  "sf4:age_allthethingsomglol/modifiermaster": {
    "criteria": {
      "Haste": "2019-09-26 19:45:05 +0200",
      "Reinforced": "2019-09-26 19:42:54 +0200"
    },
    "done": false
  },
  "sf4:age_storage/drivebay": {
    "criteria": {
      "Obtain Drive Bay": "2019-09-27 23:30:31 +0200"
    },
    "done": true
  },
  "sf4:age1/twerk": {
    "criteria": {
      "Completed Root": "2019-09-21 20:08:40 +0200",
      "Obtain 8 Dirt Saplings": "2019-09-21 20:41:39 +0200",
      "Obtain 8 Oak Logs": "2019-09-21 20:41:39 +0200"
    },
    "done": true
  },
  "sf4:age_storage/simplestoragemaster": {
    "criteria": {
      "Obtain Network Master Block": "2019-09-22 15:44:37 +0200"
    },
    "done": true
  },
  "tutorial:tutorial/copied/diamondsapling": {
    "criteria": {
      "Obtain Diamond Sapling": "2019-09-22 21:50:29 +0200"
    },
    "done": false
  },
  "sf4:age_exploration/viescraft": {
    "criteria": {
      "Obtain Airship": "2019-09-24 21:38:43 +0200"
    },
    "done": true
  },
  "tutorial:tutorial/copied/diamond": {
    "criteria": {
      "Obtain Diamond": "2019-09-22 21:15:28 +0200"
    },
    "done": false
  },
  "sf4:age_storage/fluixcrystal": {
    "criteria": {
      "Obtain Fluix Crystal": "2019-09-24 21:32:42 +0200"
    },
    "done": true
  },
  "tutorial:tutorial/copied/string": {
    "criteria": {
      "Obtain String": "2019-09-22 20:30:41 +0200"
    },
    "done": false
  },
  "sf4:age_power/complete": {
    "criteria": {
      "Completed Max Power": "2019-09-23 20:28:57 +0200",
      "Completed Gotta Smelt Fast": "2019-09-26 20:44:22 +0200",
      "Completed Getting into Shape": "2019-09-27 23:10:51 +0200",
      "Completed Clicker Hero": "2019-09-26 19:28:08 +0200",
      "Completed Chargin\u0027 Mah Lazer!": "2019-09-24 20:51:09 +0200",
      "Completed Made for Each Other": "2019-09-24 21:20:37 +0200",
      "Completed Age of Power": "2019-09-21 20:08:39 +0200",
      "Completed Go, Go, Building Gadget": "2019-09-24 20:51:09 +0200",
      "Completed B-Aiken be Aiken": "2019-09-28 14:26:50 +0200",
      "Completed Get Informed!": "2019-09-23 20:32:05 +0200",
      "Completed Package Control": "2019-09-22 20:28:11 +0200",
      "Completed Generator, I Hardly Know Her": "2019-09-22 17:05:42 +0200"
    },
    "done": false
  },
  "sf4:age_enhancement/inventoryupgrade": {
    "criteria": {
      "Eat Cyclic Inventory Upgrade": "2019-09-26 21:47:26 +0200"
    },
    "done": true
  },
  "sf4:age_farming/market": {
    "criteria": {
      "Obtain Market": "2019-09-22 21:39:56 +0200"
    },
    "done": true
  },
  "hardcore:hardcore/survive": {
    "criteria": {
      "Get killed": "2019-09-21 21:35:06 +0200"
    },
    "done": false
  },
  "twilightforest:root": {
    "criteria": {
      "in_tf": "2019-09-24 22:01:12 +0200",
      "make_portal": "2019-09-24 22:01:12 +0200"
    },
    "done": true
  },
  "sf4:age_storage/meterminal": {
    "criteria": {
      "Obtain ME Terminal": "2019-09-26 20:44:22 +0200"
    },
    "done": true
  },
  "sf4:age1/clay_bucket": {
    "criteria": {
      "Obtain Unfired Clay Bucket": "2019-09-21 20:39:17 +0200",
      "Completed Root": "2019-09-21 20:08:40 +0200",
      "Obtain Clay Bucket": "2019-09-21 20:39:17 +0200"
    },
    "done": true
  },
  "sf4:age_exploration/dragonkill": {
    "criteria": {
      "Enter Custom End Dimension": "2019-09-24 22:02:34 +0200"
    },
    "done": false
  },
  "sf4:age_farming/complete": {
    "criteria": {
      "Completed Citizen Cane": "2019-09-22 17:46:56 +0200",
      "Completed Yes We Can!": "2019-09-22 17:18:54 +0200",
      "Completed Age of Farming": "2019-09-21 20:08:39 +0200",
      "Completed Shredded Wheat": "2019-09-22 14:56:22 +0200",
      "Completed Bonsai!!!": "2019-09-22 20:42:50 +0200",
      "Completed This Little Piggy": "2019-09-22 21:39:56 +0200",
      "Completed Condensed Milk": "2019-09-29 15:55:48 +0200"
    },
    "done": false
  },
  "sf4:age1/amber/iron": {
    "criteria": {
      "Completed Root": "2019-09-21 20:08:40 +0200",
      "Obtain Iron Amber": "2019-09-22 14:02:08 +0200"
    },
    "done": true
  },
  "sf4:age_exploration/uraniumore": {
    "criteria": {
      "Obtain Uranium Ore": "2019-09-27 21:24:22 +0200"
    },
    "done": true
  },
  "tutorial:tutorial/copied/ironingot": {
    "criteria": {
      "Obtain Iron Ingot": "2019-09-22 17:18:37 +0200"
    },
    "done": false
  },
  "tutorial:tutorial/copied/ironbucket": {
    "criteria": {
      "Obtain Iron Bucket": "2019-09-22 17:18:56 +0200"
    },
    "done": false
  },
  "sf4:age_power/autoclicker": {
    "criteria": {
      "Obtain Auto Clicker": "2019-09-26 19:28:08 +0200"
    },
    "done": true
  },
  "sf4:age_power/ingotformer": {
    "criteria": {
      "Obtain Ingot Former": "2019-09-27 23:10:51 +0200"
    },
    "done": true
  },
  "sf4:age1/drying_rack": {
    "criteria": {
      "Completed Root": "2019-09-21 20:08:40 +0200",
      "Obtain Drying Rack": "2019-09-21 20:16:28 +0200"
    },
    "done": true
  },
  "sf4:age_storage/woodenhopper": {
    "criteria": {
      "Obtain Wooden Hopper": "2019-09-22 14:43:50 +0200"
    },
    "done": true
  },
  "tutorial:tutorial/placeoak": {
    "criteria": {
      "Placed Oak Wood Slab": "2019-09-22 16:13:06 +0200",
      "Placed Oak Planks": "2019-09-21 20:15:20 +0200"
    },
    "done": false
  },
  "sf4:age_allthethingsomglol/complete_no_prestige": {
    "criteria": {
      "Prestige Mode Disabled": "2019-09-21 20:08:39 +0200",
      "Completed Age of ALLTHETHINGSOMGLOL": "2019-09-21 20:08:39 +0200"
    },
    "done": false
  },
  "sf4:age1/sapling": {
    "criteria": {
      "Has Sapling": "2019-09-21 20:12:07 +0200",
      "Completed Root": "2019-09-21 20:08:40 +0200",
      "Completed SkyFactory 4": "2019-09-21 20:08:40 +0200"
    },
    "done": false
  },
  "sf4:age_farming/complete_no_prestige": {
    "criteria": {
      "Completed Citizen Cane": "2019-09-22 17:46:56 +0200",
      "Prestige Mode Disabled": "2019-09-21 20:08:39 +0200",
      "Completed Age of Farming": "2019-09-21 20:08:39 +0200",
      "Completed Shredded Wheat": "2019-09-22 14:56:22 +0200",
      "Completed Fertile Soil": "2019-09-23 18:58:33 +0200",
      "Completed Cowabonsai!": "2019-09-23 18:55:03 +0200",
      "Completed TuMULCHuous": "2019-09-23 19:01:19 +0200",
      "Completed Yes We Can!": "2019-09-22 17:18:54 +0200",
      "Completed Bonsai!!!": "2019-09-22 20:42:50 +0200",
      "Completed This Little Piggy": "2019-09-22 21:39:56 +0200",
      "Completed Condensed Milk": "2019-09-29 15:55:48 +0200"
    },
    "done": false
  },
  "sf4:age_enhancement/unbreakablepickaxe": {
    "criteria": {
      "Obtain Unbreakable Tinkers\u0027 Tool or Weapon": "2019-09-26 19:28:08 +0200"
    },
    "done": true
  },
  "sf4:age_enhancement/toolforge": {
    "criteria": {
      "Obtain Tool Forge": "2019-09-23 21:05:33 +0200"
    },
    "done": true
  },
  "sf4:age_allthethingsomglol/root": {
    "criteria": {
      "inventoryChange": "2019-09-21 20:08:39 +0200"
    },
    "done": true
  },
  "sf4:age_power/buildinggadget": {
    "criteria": {
      "Obtain Building Gadget": "2019-09-24 20:51:09 +0200"
    },
    "done": true
  }
}