{"stat.craftItem.sky_orchards.amber_cobalt":51,"stat.craftItem.bibliocraft.framingboard":22,"stat.leaveGame":3,"stat.useItem.minecraft.bookshelf":44,"stat.mineBlock.bibliocraft.fancysign":4,"stat.craftItem.vc.item_airship_ignition":2,"stat.craftItem.minecraft.ender_eye":1,"stat.mineBlock.minecraft.stained_glass":8,"stat.useItem.minecraft.planks":269,"stat.drop.minecraft.feather":2,"stat.pickup.minecraft.porkchop":2,"stat.drop.tconstruct.slime_boots":2,"stat.useItem.minecraft.water_bucket":4,"stat.pickup.minecraft.rotten_flesh":30,"stat.pickup.tp.maloberry_berry":2,"stat.pickup.minecraft.brick_block":2,"stat.pickup.bibliocraft.fancysign":4,"stat.craftItem.minecraft.stone_axe":1,"stat.pickup.minecraft.cobblestone_wall":4,"stat.killEntity.Enderman":3,"stat.craftItem.minecraft.stone_sword":4,"stat.pickup.chisel.cobblestone2":3,"stat.pickup.nuclearcraft.ingot_former_idle":3,"stat.craftItem.sky_orchards.amber_ardite":84,"stat.drop.minecraft.diamond":1,"stat.pickup.minecraft.stained_hardened_clay":32,"stat.mineBlock.minecraft.brick_block":2,"stat.useItem.vc.airships/item_airship":5,"stat.mineBlock.minecraft.vine":1,"stat.pickup.thermalfoundation.material":44,"stat.pickup.minecraft.record_far":1,"stat.furnaceInteraction":69,"stat.pickup.tconstruct.cleaver":1,"stat.pickup.minecraft.wooden_button":1,"stat.pickup.vc.airships/item_airship":4,"stat.drop.nuclearcraft.alloy":1,"stat.mineBlock.sky_orchards.leaves_gold":2,"stat.drop.buildinggadgets.buildingtool":1,"stat.craftItem.nuclearcraft.ingot":17,"stat.pickup.minecraft.beef":13,"stat.drop.minecraft.stained_hardened_clay":6,"stat.pickup.tconstruct.cast":1,"stat.mineBlock.minecraft.stained_hardened_clay":16,"stat.useItem.minecraft.fence":55,"stat.pickup.minecraft.skull":2,"stat.mineBlock.minecraft.fence":13,"stat.craftItem.chisel.chisel_diamond":1,"stat.deaths":33,"stat.pickup.minecraft.bowl":1,"stat.pickup.minecraft.egg":77,"stat.playOneMinute":496828,"stat.craftItem.conarm.leggings":3,"stat.drop.statues.blockplayerstatue":5,"stat.mineBlock.minecraft.tallgrass":6,"stat.fishCaught":5,"stat.chestOpened":102,"stat.recordPlayed":1,"stat.pickup.tconstruct.casting":3,"stat.pickup.conarm.chestplate":1,"stat.pickup.minecraft.arrow":13,"stat.craftItem.conarm.chestplate":5,"stat.craftItem.minecraft.quartz_block":5,"stat.craftItem.chisel.futura":64,"stat.craftItem.vc.airship_workbench":1,"stat.useItem.chisel.futura":50,"stat.craftItem.minecraft.coal":1,"stat.pickup.tconstruct.cast_custom":1,"stat.pickup.sky_orchards.resin_gold":23,"stat.fallOneCm":24222,"stat.craftItem.minecraft.ender_chest":1,"stat.pickup.minecraft.carrot":11,"stat.drop.minecraft.stone_sword":2,"stat.crouchOneCm":32856,"stat.craftItem.minecraft.iron_ingot":84,"stat.craftItem.minecraft.chest":1,"stat.pickup.minecraft.red_mushroom":2,"stat.craftItem.minecraft.hopper":1,"stat.craftingTableInteraction":19,"stat.useItem.cyclicmagic.inventory_food":1,"stat.pickup.chisel.futura":16,"stat.craftItem.tconstruct.pattern":17,"stat.pickup.minecraft.feather":5,"stat.craftItem.minecraft.wooden_button":1,"stat.craftItem.tconstruct.materials":6,"stat.pickup.minecraft.planks":48,"stat.pickup.sky_orchards.sapling_gold":1,"stat.pickup.minecraft.wheat_seeds":15,"stat.pickup.chisel.cobblestone":1,"stat.useItem.minecraft.stone_pickaxe":131,"stat.craftItem.tconstruct.seared_tank":1,"stat.useItem.minecraft.stone_sword":138,"stat.mineBlock.minecraft.dirt":27,"stat.drop.minecraft.stick":16,"stat.useItem.minecraft.torch":54,"stat.useItem.minecraft.bread":27,"stat.craftItem.minecraft.redstone_block":5,"stat.pickup.sky_orchards.acorn_gold":34,"stat.useItem.minecraft.cobblestone":57,"stat.craftItem.minecraft.crafting_table":1,"stat.mineBlock.chisel.futura":18,"stat.drop.nuclearcraft.part":1,"stat.pickup.minecraft.log":95,"stat.drop.minecraft.chicken":2,"stat.pickup.matteroverdrive.rogue_android_part":4,"stat.pickup.minecraft.chicken":4,"stat.craftItem.chisel.chisel_iron":1,"stat.pickup.minecraft.sapling":1,"stat.craftItem.minecraft.bucket":1,"stat.craftItem.minecraft.planks":1576,"stat.killEntity.rogue_android":3,"stat.craftItem.minecraft.dirt":54,"stat.pickup.minecraft.stone_sword":1,"stat.pickup.minecraft.book":435,"stat.useItem.carryon.entity_item":7,"stat.craftItem.minecraft.paper":6,"stat.craftItem.vc.item_airship_frame":4,"stat.sneakTime":11839,"stat.mineBlock.minecraft.cobblestone_wall":4,"stat.craftItem.bibliocraft.framingsheet":14,"stat.useItem.minecraft.baked_potato":46,"stat.useItem.minecraft.wooden_axe":24,"stat.pickup.minecraft.stone_slab":6,"stat.pickup.minecraft.yellow_flower":2,"stat.useItem.minecraft.fishing_rod":10,"stat.craftItem.nuclearcraft.uranium":9,"stat.craftItem.minecraft.enchanting_table":1,"stat.cakeSlicesEaten":1,"stat.drop.minecraft.stone_pickaxe":2,"stat.craftItem.vc.upgrades/item_upgrade_airship_frame":9,"stat.pickup.minecraft.bone":14,"stat.drop.pickletweaks.coal_piece":1,"stat.mineBlock.minecraft.cobblestone":43,"stat.pickup.minecraft.stone_pickaxe":1,"stat.killEntity.Human":12,"stat.useItem.cyclicmagic.cyclic_wand_build":27,"stat.mineBlock.minecraft.concrete":4,"stat.craftItem.tconstruct.slimesling":5,"stat.mineBlock.minecraft.stained_glass_pane":6,"stat.craftItem.sky_orchards.amber_iron":12,"stat.swimOneCm":2342,"stat.climbOneCm":43868,"stat.mineBlock.chisel.cobblestone2":3,"stat.useItem.minecraft.dirt":66,"stat.useItem.minecraft.stone_slab2":41,"stat.useItem.tconstruct.cleaver":8,"stat.mineBlock.chisel.cobblestone":1,"stat.useItem.minecraft.red_flower":11,"stat.useItem.minecraft.egg":77,"stat.pickup.minecraft.anvil":1,"stat.craftItem.minecraft.stone_pickaxe":1,"stat.craftItem.minecraft.cooked_beef":6,"stat.pickup.minecraft.cobblestone":29,"stat.drop.chisel.chisel_iron":1,"stat.flyOneCm":2251704,"stat.pickup.minecraft.fish":5,"stat.pickup.minecraft.redstone":36,"stat.craftItem.minecraft.book":2,"stat.mineBlock.minecraft.iron_ore":1,"stat.timeSinceDeath":100365,"stat.pickup.minecraft.mutton":2,"stat.drop.minecraft.coal":1,"stat.craftItem.vc.item_logic_chip":24,"stat.craftItem.vc.airships/item_airship":2,"stat.pickup.chargers.charger":1,"stat.useItem.tconstruct.rack":1,"stat.mineBlock.minecraft.coal_ore":8,"stat.craftItem.bibliocraft.fancysign":1,"stat.killEntity.Creeper":3,"stat.pickup.minecraft.string":4,"stat.drop.minecraft.ender_chest":1,"stat.useItem.tconstruct.edible":1,"stat.craftItem.tconstruct.slime_boots":5,"stat.entityKilledBy.Skeleton":2,"stat.craftItem.minecraft.stone_slab2":0,"stat.drop.vc.item_guidebook_main":1,"stat.sprintOneCm":1014020,"stat.mineBlock.minecraft.stone_slab":2,"stat.craftItem.minecraft.stick":40,"stat.craftItem.minecraft.wooden_axe":2,"stat.useItem.cyclicmagic.crafting_food":1,"stat.craftItem.nuclearcraft.ingot_former_idle":1,"stat.useItem.carryon.tile_item":9,"stat.craftItem.tconstruct.ingots":207,"stat.craftItem.minecraft.gold_nugget":63,"stat.craftItem.bibliocraft.label":1,"stat.useItem.minecraft.carrot":24,"stat.craftItem.bibliocraft.framingsaw":1,"stat.drop.minecraft.lava_bucket":1,"stat.craftItem.nuclearcraft.dust":1,"stat.mineBlock.minecraft.planks":43,"stat.drop":51,"stat.craftItem.conarm.helmet":3,"stat.killEntity.Zombie":13,"stat.mineBlock.tp.maloberry_bush":1,"stat.pickup.buildinggadgets.buildingtool":2,"stat.pickup.nuclearcraft.ingot":20,"stat.pickup.minecraft.wheat":15,"stat.craftItem.minecraft.piston":8,"stat.craftItem.vc.item_airship_engine":4,"stat.craftItem.minecraft.cooked_porkchop":2,"stat.mineBlock.minecraft.anvil":1,"stat.mineBlock.tconstruct.slime_leaves":1,"stat.mineBlock.nuclearcraft.ingot_former_idle":4,"stat.useItem.tp.maloberry_berry":2,"stat.pickup.cyclicmagic.crafting_food":1,"stat.craftItem.chargers.charger":1,"stat.craftItem.vc.item_guidebook_main":1,"stat.jump":4791,"stat.pickup.minecraft.fence":13,"stat.craftItem.tconstruct.rack":1,"stat.pickup.minecraft.coal":8,"stat.pickup.minecraft.iron_ingot":3,"stat.useItem.minecraft.stone_axe":34,"stat.pickup.minecraft.gunpowder":10,"stat.drop.tconstruct.pattern":1,"stat.pickup.minecraft.spider_eye":1,"stat.craftItem.minecraft.torch":32,"stat.pickup.minecraft.dirt":25,"stat.drop.vc.airships/item_airship":1,"stat.mineBlock.minecraft.glass_pane":11,"stat.pickup.nuclearcraft.alloy":1,"stat.damageTaken":12270,"stat.pickup.minecraft.leather":16,"stat.craftItem.minecraft.iron_bars":64,"stat.mineBlock.minecraft.torch":12,"stat.drop.tconstruct.slimesling":1,"stat.pickup.mysticalagriculture.crafting":5,"stat.pickup.conarm.chest_core":1,"stat.pickup.minecraft.reeds":16,"stat.craftItem.vc.item_airship_balloon":2,"stat.pickup.minecraft.concrete":3,"stat.pickup.vc.item_airship_balloon":1,"stat.pickup.vc.upgrades/item_upgrade_airship_frame":1,"stat.pickup.minecraft.potato":7,"stat.entityKilledBy.Zombie":1,"stat.pickup.statues.blockplayerstatue":8,"stat.drop.vc.item_airship_balloon":1,"stat.damageDealt":13126,"stat.craftItem.minecraft.glass":27,"stat.sleepInBed":2,"stat.craftItem.minecraft.baked_potato":24,"stat.killEntity.Cow":4,"stat.craftItem.nuclearcraft.part":14,"stat.walkOneCm":1203394,"stat.animalsBred":18,"stat.playerKills":4,"stat.pickup.minecraft.stick":18,"stat.pickup.cyclicmagic.inventory_food":1,"stat.pickup.minecraft.stone":1,"stat.useItem.minecraft.stained_hardened_clay":1,"stat.craftItem.minecraft.redstone":36,"stat.pickup.minecraft.ender_pearl":2,"stat.craftItem.minecraft.minecart":5,"stat.killEntity.Skeleton":6,"stat.craftItem.minecraft.bookshelf":62,"stat.killEntity.Chicken":3,"stat.killEntity.Spider":4,"stat.mobKills":53,"stat.craftItem.minecraft.fence":30,"stat.craftItem.minecraft.lead":8,"stat.mineBlock.minecraft.leaves":6,"stat.pickup.minecraft.torch":38,"stat.pickup.vc.item_guidebook_main":1,"stat.mineBlock.tconstruct.casting":3,"stat.craftItem.minecraft.brick":59,"stat.mineBlock.minecraft.stone":9}