{"stat.mineBlock.matteroverdrive.tritanium_ore":1,"stat.pickup.minecraft.wooden_slab":18,"stat.leaveGame":25,"stat.pickup.tconstruct.longsword":2,"stat.pickup.bdsandm.wood_crate":1,"stat.pickup.tconstruct.edible":72,"stat.killEntity.PigZombie":6,"stat.pickup.rustic.crushing_tub":1,"stat.mineBlock.sky_orchards.log_dirt":350,"stat.pickup.nuclearcraft.dominos":1,"stat.pickup.minecraft.rotten_flesh":68,"stat.useItem.minecraft.diamond_hoe":59,"stat.pickup.sky_orchards.sapling_dirt":353,"stat.craftItem.nuclearcraft.isotope_separator_idle":1,"stat.pickup.minecraft.brick_block":1,"stat.craftItem.minecraft.stone_axe":5,"stat.pickup.sky_orchards.resin_emerald":9,"stat.pickup.minecraft.cobblestone_wall":6,"stat.pickup.minecraft.bucket":1,"stat.killEntity.Enderman":10,"stat.mineBlock.minecraft.wooden_slab":11,"stat.pickup.nuclearcraft.ingot_former_idle":1,"stat.pickup.minecraft.brown_mushroom":3,"stat.killEntity.Witch":1,"stat.pickup.sky_orchards.resin_petrified":41,"stat.killEntity.Villager":5,"stat.pickup.xlfoodmod.lettuce":53,"stat.pickup.minecraft.stained_hardened_clay":6,"stat.pickup.thermalfoundation.material":39,"stat.pickup.minecraft.record_far":1,"stat.furnaceInteraction":167,"stat.useItem.minecraft.pumpkin_seeds":6,"stat.useItem.statues.blockplayerstatue":2,"stat.killEntity.ZombieVillager":1,"stat.useItem.sky_orchards.sapling_gold":1,"stat.craftItem.sky_orchards.acorn_dirt":3,"stat.drop.buildinggadgets.buildingtool":1,"stat.pickup.minecraft.beef":3,"stat.craftItem.storagenetwork.storage_kabel":4,"stat.pickup.sky_orchards.acorn_dirt":628,"stat.pickup.inspirations.potato_seeds":13,"stat.mineBlock.minecraft.stained_hardened_clay":5,"stat.useItem.minecraft.fence":447,"stat.pickup.mysticalagriculture.tier1_inferium_seeds":1,"stat.useItem.xlfoodmod.lettuce_seeds":6,"stat.mineBlock.minecraft.fence":131,"stat.useItem.minecraft.wheat_seeds":20,"stat.pickup.minecraft.emerald":2,"stat.useItem.minecraft.dye":253,"stat.deaths":49,"stat.pickup.extendedcrafting.handheld_table":1,"stat.pickup.minecraft.egg":250,"stat.drop.minecraft.torch":31,"stat.craftItem.conarm.leggings":1,"stat.mineBlock.minecraft.tallgrass":336,"stat.fishCaught":11,"stat.chestOpened":811,"stat.pickup.minecraft.arrow":33,"stat.killEntity.Ghast":2,"stat.mineBlock.sky_orchards.leaves_iron":6,"stat.drop.tconstruct.longsword":1,"stat.craftItem.minecraft.coal":18,"stat.pickup.tconstruct.cast_custom":1,"stat.pickup.minecraft.carrot":419,"stat.drop.minecraft.stone_sword":1,"stat.crouchOneCm":167354,"stat.mineBlock.minecraft.chest":3,"stat.craftItem.minecraft.diamond":8,"stat.craftItem.minecraft.iron_ingot":18,"stat.pickup.rustic.grape_stem":16,"stat.pickup.bonsaitrees.bonsaipot":5,"stat.pickup.minecraft.ender_chest":1,"stat.pickup.sky_orchards.resin_lapis":4,"stat.craftItem.minecraft.hopper":5,"stat.craftingTableInteraction":95,"stat.pickup.sky_orchards.acorn_redstone":1,"stat.useItem.minecraft.reeds":5,"stat.pickup.xlfoodmod.tomato":32,"stat.pickup.minecraft.dye":208,"stat.pickup.minecraft.planks":362,"stat.pickup.minecraft.wheat_seeds":309,"stat.drop.mysticalagriculture.crafting":1,"stat.craftItem.nuclearcraft.nuclear_furnace_idle":2,"stat.pickup.darkutils.material":5,"stat.mineBlock.xlfoodmod.grass":1,"stat.mineBlock.minecraft.dirt":1704,"stat.pickup.sky_orchards.acorn_iron":4,"stat.pickup.minecraft.poisonous_potato":6,"stat.drop.minecraft.paper":24,"stat.useItem.minecraft.bread":14,"stat.pickup.minecraft.brewing_stand":1,"stat.mineBlock.bdsandm.wood_barrel":15,"stat.pickup.sky_orchards.sapling_iron":4,"stat.pickup.inspirations.carrot_seeds":17,"stat.drop.minecraft.rotten_flesh":13,"stat.drop.minecraft.porkchop":2,"stat.useItem.minecraft.cobblestone":16,"stat.mineBlock.minecraft.double_plant":2,"stat.mineBlock.chisel.futura":30,"stat.mineBlock.sky_orchards.sapling_clay":1,"stat.drop.bonsaitrees.bonsaipot":1,"stat.pickup.sky_orchards.resin_gravel":30,"stat.drop.minecraft.sapling":1,"stat.pickup.minecraft.chicken":24,"stat.pickup.minecraft.apple":65,"stat.useItem.nuclearcraft.dominos":1,"stat.craftItem.minecraft.planks":2540,"stat.craftItem.minecraft.dirt":244,"stat.craftItem.minecraft.fishing_rod":2,"stat.pickup.minecraft.stone_sword":2,"stat.craftItem.rustic.fertile_soil":2,"stat.pickup.minecraft.book":52,"stat.craftItem.minecraft.wooden_door":3,"stat.mineBlock.minecraft.log":1,"stat.useItem.carryon.entity_item":9,"stat.useItem.minecraft.wooden_door":2,"stat.craftItem.minecraft.paper":27,"stat.pickup.minecraft.red_flower":27,"stat.pickup.minecraft.wool":34,"stat.useItem.minecraft.wooden_axe":647,"stat.cakeSlicesEaten":3,"stat.pickup.minecraft.tripwire_hook":1,"stat.pickup.cyclicmagic.emerald_pickaxe":1,"stat.mineBlock.minecraft.cobblestone":382,"stat.mineBlock.minecraft.pumpkin":41,"stat.pickup.minecraft.stone_pickaxe":1,"stat.mineBlock.minecraft.yellow_flower":20,"stat.killEntity.Human":25,"stat.drop.thermalfoundation.material":1,"stat.craftItem.minecraft.wool":15,"stat.mineBlock.minecraft.stained_glass_pane":2,"stat.drop.minecraft.cobblestone":3,"stat.useItem.minecraft.cookie":18,"stat.useItem.minecraft.stone_slab2":208,"stat.craftItem.minecraft.furnace":3,"stat.useItem.minecraft.egg":81,"stat.craftItem.minecraft.cooked_beef":7,"stat.drop.sync.item_treadmill":1,"stat.mineBlock.sky_orchards.leaves_dirt":2406,"stat.pickup.minecraft.shears":1,"stat.pickup.minecraft.diamond_hoe":1,"stat.pickup.minecraft.diamond_leggings":1,"stat.flyOneCm":2182325,"stat.pickup.minecraft.fish":10,"stat.pickup.rustic.slate":1,"stat.mineBlock.morecauldrons.cobble_cauldron":1,"stat.craftItem.bdsandm.wood_barrel":49,"stat.timeSinceDeath":1946,"stat.useItem.minecraft.wooden_slab":14,"stat.useItem.minecraft.potato":15,"stat.drop.sky_orchards.sapling_bone":1,"stat.killEntity.Creeper":11,"stat.talkedToVillager":13,"stat.drop.minecraft.baked_potato":5,"stat.pickup.minecraft.string":15,"stat.ae2.ItemsInserted":1147,"stat.pickup.tp.triple_compressed_nether_block":1,"stat.pickup.sky_orchards.resin_netherrack":17,"stat.pickup.tombstone.crafting_ingredient":5,"stat.drop.minecraft.obsidian":24,"stat.sprintOneCm":3985088,"stat.drop.minecraft.leather":2,"stat.mineBlock.minecraft.stone_slab":1,"stat.craftItem.minecraft.wooden_axe":34,"stat.pickup.nuclearcraft.record_end_of_the_world":1,"stat.pickup.bdsandm.wood_barrel":15,"stat.useItem.carryon.tile_item":15,"stat.mineBlock.sky_orchards.leaves_petrified":68,"stat.craftItem.tconstruct.ingots":9,"stat.pickup.sky_orchards.sapling_emerald":10,"stat.pickup.sky_orchards.leaves_gravel":239,"stat.pickup.tconstruct.nuggets":4,"stat.craftItem.minecraft.wooden_pressure_plate":99,"stat.drop.minecraft.cobblestone_wall":2,"stat.useItem.xlfoodmod.pepper_seeds":3,"stat.pickup.minecraft.vine":2,"stat.craftItem.sync.item_treadmill":2,"stat.drop.cyclicmagic.crafting_food":1,"stat.craftItem.minecraft.emerald":3,"stat.mineBlock.bonsaitrees.bonsaipot":4,"stat.useItem.tconstruct.crossbow":488,"stat.pickup.minecraft.iron_block":1,"stat.killEntity.Zombie":38,"stat.craftItem.minecraft.dye":126,"stat.useItem.animalcrops.seeds":7,"stat.pickup.buildinggadgets.buildingtool":2,"stat.craftItem.minecraft.diamond_axe":1,"stat.diveOneCm":18379,"stat.drop.minecraft.diamond_pickaxe":1,"stat.pickup.minecraft.wheat":399,"stat.useItem.cyclicmagic.emerald_pickaxe":30,"stat.pickup.tconstruct.tooltables":2,"stat.pickup.minecraft.sign":3,"stat.craftItem.minecraft.cooked_porkchop":4,"stat.useItem.bonsaitrees.bonsaipot":5,"stat.pickup.cyclicmagic.crafting_food":1,"stat.pickup.storagenetwork.kabel":5,"stat.pickup.sky_orchards.resin_clay":48,"stat.drop.minecraft.apple":69,"stat.pickup.matteroverdrive.tritanium_ore":1,"stat.jump":6534,"stat.pickup.minecraft.coal":3,"stat.pickup.minecraft.gunpowder":25,"stat.mineBlock.sky_orchards.log_sand":17,"stat.craftItem.minecraft.torch":36,"stat.pickup.minecraft.dirt":2008,"stat.pickup.sky_orchards.resin_bone":155,"stat.pickup.nuclearcraft.alloy":1,"stat.damageTaken":18059,"stat.mineBlock.minecraft.torch":53,"stat.mineBlock.minecraft.red_flower":27,"stat.mineBlock.minecraft.melon_block":11,"stat.killEntity.tconstruct.blueslime":3,"stat.drop.cyclicmagic.inventory_food":1,"stat.pickup.sky_orchards.leaves_netherrack":7,"stat.pickup.minecraft.concrete":3,"stat.pickup.minecraft.potato":433,"stat.mineBlock.minecraft.fence_gate":3,"stat.pickup.sky_orchards.sapling_clay":3,"stat.pickup.statues.blockplayerstatue":11,"stat.killEntity.bouncy_creepers.bouncy_creeper":6,"stat.useItem.storagenetwork.storage_kabel":5,"stat.craftItem.minecraft.stone_slab":120,"stat.animalsBred":13,"stat.useItem.minecraft.chest":15,"stat.pickup.sky_orchards.sapling_bone":1,"stat.useItem.minecraft.tnt":4,"stat.craftItem.morecauldrons.oak_cauldron":49,"stat.useItem.minecraft.melon":3,"stat.pickup.sky_orchards.acorn_netherrack":21,"stat.craftItem.xlfoodmod.pepper_seeds":3,"stat.useItem.rustic.grape_stem":15,"stat.pickup.minecraft.ender_pearl":4,"stat.useItem.minecraft.redstone_ore":3,"stat.pickup.minecraft.ladder":7,"stat.useItem.minecraft.netherrack":1,"stat.entityKilledBy.rogue_android":2,"stat.drop.minecraft.cookie":10,"stat.craftItem.minecraft.cookie":40,"stat.mobKills":218,"stat.craftItem.minecraft.shears":1,"stat.pickup.minecraft.diamond":3,"stat.pickup.minecraft.beetroot_seeds":32,"stat.mineBlock.rustic.crushing_tub":1,"stat.pickup.minecraft.torch":85,"stat.drop.minecraft.arrow":1,"stat.drop.minecraft.shears":1,"stat.mineBlock.sky_orchards.log_petrified":26,"stat.mineBlock.tp.old_reed":1,"stat.pickup.tconstruct.book":1,"stat.useItem.inspirations.potato_seeds":2,"stat.killEntity.Blaze":23,"stat.drop.minecraft.skull":2,"stat.useItem.minecraft.planks":1218,"stat.pickup.minecraft.porkchop":11,"stat.pickup.minecraft.blaze_powder":2,"stat.pickup.tconstruct.slimesling":1,"stat.useItem.minecraft.water_bucket":7,"stat.drop.minecraft.poisonous_potato":1,"stat.pickup.minecraft.sand":882,"stat.useItem.inspirations.carrot_seeds":10,"stat.pickup.tconstruct.bolt":1,"stat.drop.tconstruct.crossbow":4,"stat.craftItem.minecraft.stone_sword":1,"stat.useItem.minecraft.ender_pearl":1,"stat.mineBlock.minecraft.sand":882,"stat.pickup.inspirations.mulch":1,"stat.craftItem.minecraft.wooden_hoe":2,"stat.useItem.minecraft.fence_gate":10,"stat.pickup.tconstruct.slime_sapling":1,"stat.useItem.minecraft.oak_stairs":20,"stat.craftItem.minecraft.pumpkin_seeds":4,"stat.pickup.xlfoodmod.lettuce_seeds":58,"stat.drop.nuclearcraft.alloy":1,"stat.mineBlock.sky_orchards.leaves_gold":56,"stat.pickup.xlfoodmod.pepper":60,"stat.craftItem.thermalfoundation.material":18,"stat.pickup.minecraft.fence_gate":4,"stat.craftItem.nuclearcraft.ingot":4,"stat.pickup.minecraft.furnace":1,"stat.pickup.minecraft.skull":3,"stat.mineBlock.storagenetwork.kabel":5,"stat.drop.minecraft.wooden_hoe":1,"stat.craftItem.minecraft.fence_gate":13,"stat.pickup.minecraft.pumpkin_seeds":12,"stat.useItem.storagenetwork.kabel":73,"stat.useItem.xlfoodmod.tomato_seeds":2,"stat.craftItem.xlfoodmod.lettuce_seeds":1,"stat.mineBlock.minecraft.oak_stairs":18,"stat.pickup.xlfoodmod.pepper_seeds":33,"stat.playOneMinute":1514290,"stat.pickup.minecraft.blaze_rod":10,"stat.craftItem.nuclearcraft.record_end_of_the_world":2,"stat.useItem.sky_orchards.acorn_dirt":3,"stat.pickup.mekanism.otherdust":6,"stat.pickup.minecraft.iron_bars":1,"stat.craftItem.minecraft.pumpkin_pie":5,"stat.drop.statues.blockplayerstatue":3,"stat.pickup.minecraft.netherrack":2,"stat.drop.sky_orchards.sapling_gold":8,"stat.pickup.minecraft.pumpkin":41,"stat.recordPlayed":6,"stat.craftItem.xlfoodmod.tomato_seeds":3,"stat.craftItem.minecraft.carpet":21,"stat.pickup.conarm.chestplate":1,"stat.mineBlock.minecraft.netherrack":2,"stat.pickup.minecraft.waterlily":1,"stat.pickup.sky_orchards.amber_cottonwood":8,"stat.craftItem.storagenetwork.kabel":88,"stat.pickup.sky_orchards.acorn_petrified":21,"stat.pickup.sky_orchards.resin_sand":35,"stat.pickup.nuclearcraft.record_wanderer":4,"stat.fallOneCm":2140786,"stat.craftItem.inspirations.mulch":8,"stat.drop.minecraft.dye":4,"stat.pickup.nuclearcraft.ore":18,"stat.pickup.minecraft.melon_seeds":10,"stat.pickup.sky_orchards.sapling_netherrack":3,"stat.craftItem.minecraft.chest":21,"stat.pickup.minecraft.melon":55,"stat.useItem.cyclicmagic.inventory_food":1,"stat.mineBlock.sky_orchards.leaves_sand":54,"stat.pickup.sky_orchards.sapling_sand":6,"stat.pickup.chisel.futura":30,"stat.pickup.minecraft.feather":27,"stat.pickup.sky_orchards.leaves_emerald":4,"stat.mineBlock.bdsandm.wood_crate":1,"stat.craftItem.tconstruct.materials":18,"stat.pickup.sky_orchards.sapling_gold":9,"stat.pickup.rustic.fertile_soil":1,"stat.craftItem.sky_orchards.amber_dirt":2,"stat.pickup.sky_orchards.amber_dirt":2,"stat.pickup.minecraft.lead":1,"stat.useItem.minecraft.stone_pickaxe":407,"stat.useItem.minecraft.stone_sword":109,"stat.mineBlock.sky_orchards.log_bone":46,"stat.craftItem.minecraft.oak_stairs":20,"stat.useItem.minecraft.iron_bars":1,"stat.useItem.minecraft.torch":106,"stat.mineBlock.sky_orchards.sapling_dirt":7,"stat.craftItem.minecraft.redstone_block":0,"stat.pickup.minecraft.crafting_table":3,"stat.useItem.minecraft.log":2,"stat.pickup.sky_orchards.acorn_gold":26,"stat.craftItem.minecraft.crafting_table":3,"stat.pickup.minecraft.log":710,"stat.pickup.nuclearcraft.part":1,"stat.pickup.matteroverdrive.rogue_android_part":5,"stat.pickup.sky_orchards.acorn_sand":13,"stat.drop.sky_orchards.acorn_redstone":1,"stat.pickup.minecraft.sapling":3,"stat.pickup.minecraft.wooden_door":1,"stat.entityKilledBy.Enderman":1,"stat.useItem.xlfoodmod.donut":35,"stat.pickup.minecraft.beetroot":27,"stat.craftItem.cyclicmagic.inventory_food":2,"stat.killEntity.rogue_android":10,"stat.drop.xlfoodmod.lettuce":1,"stat.killEntity.WitherSkeleton":8,"stat.mineBlock.sky_orchards.log_clay":23,"stat.drop.sky_orchards.acorn_gold":7,"stat.drop.tconstruct.edible":10,"stat.craftItem.minecraft.sugar":12,"stat.pickup.tconstruct.slime_boots":1,"stat.useItem.minecraft.beetroot_seeds":2,"stat.sneakTime":50906,"stat.mineBlock.minecraft.cobblestone_wall":6,"stat.useItem.minecraft.baked_potato":20,"stat.pickup.minecraft.stone_slab":1,"stat.pickup.minecraft.yellow_flower":21,"stat.useItem.sky_orchards.sapling_dirt":65,"stat.useItem.minecraft.fishing_rod":14,"stat.pickup.minecraft.chest":3,"stat.craftItem.nuclearcraft.uranium":10,"stat.drop.minecraft.stone_pickaxe":2,"stat.pickup.minecraft.bone":39,"stat.pickup.conarm.helmet":1,"stat.pickup.minecraft.redstone_torch":1,"stat.drop.minecraft.beetroot":1,"stat.mineBlock.sky_orchards.leaves_gravel":11,"stat.pickup.sky_orchards.resin_dirt":1047,"stat.mineBlock.minecraft.brown_mushroom":1,"stat.swimOneCm":24275,"stat.climbOneCm":91749,"stat.ae2.ItemsExtracted":409,"stat.useItem.minecraft.dirt":652,"stat.drop.minecraft.quartz":5,"stat.pickup.tp.watering_can":3,"stat.craftItem.minecraft.bone_block":14,"stat.pickup.minecraft.anvil":1,"stat.craftItem.minecraft.stone_pickaxe":8,"stat.pickup.minecraft.cobblestone":412,"stat.craftItem.minecraft.wooden_slab":6,"stat.pickup.tp.dead_reed":2,"stat.pickup.sky_orchards.sapling_petrified":6,"stat.drop.tconstruct.cast_custom":1,"stat.killEntity.ranged_rogue_android":4,"stat.craftItem.minecraft.cake":5,"stat.pickup.minecraft.wooden_axe":2,"stat.drop.minecraft.dirt":3,"stat.mineBlock.storagenetwork.storage_kabel":1,"stat.craftItem.tconstruct.soil":16,"stat.useItem.tconstruct.edible":2,"stat.mineBlock.sky_orchards.leaves_clay":6,"stat.craftItem.minecraft.stone_slab2":0,"stat.drop.sky_orchards.resin_gravel":1,"stat.craftItem.minecraft.stick":400,"stat.useItem.cyclicmagic.crafting_food":1,"stat.craftItem.cyclicmagic.crafting_food":6,"stat.mineBlock.minecraft.crafting_table":3,"stat.useItem.minecraft.diamond_pickaxe":558,"stat.useItem.minecraft.carrot":31,"stat.craftItem.animalcrops.seeds":16,"stat.pickup.minecraft.diamond_chestplate":1,"stat.craftItem.nuclearcraft.dust":23,"stat.mineBlock.minecraft.planks":559,"stat.drop":94,"stat.craftItem.conarm.helmet":1,"stat.drop.nuclearcraft.ingot":18,"stat.craftItem.minecraft.diamond_pickaxe":1,"stat.useItem.minecraft.melon_seeds":3,"stat.drop.minecraft.bread":2,"stat.pickup.nuclearcraft.ingot":14,"stat.pickup.sky_orchards.acorn_cottonwood":46,"stat.craftItem.minecraft.jukebox":1,"stat.mineBlock.minecraft.anvil":1,"stat.useItem.minecraft.diamond_axe":497,"stat.useItem.minecraft.waterlily":1,"stat.pickup.morecauldrons.cobble_cauldron":1,"stat.useItem.minecraft.apple":182,"stat.useItem.minecraft.wooden_hoe":61,"stat.pickup.minecraft.fence":131,"stat.pickup.conarm.leggings":1,"stat.pickup.sky_orchards.sapling_redstone":1,"stat.craftItem.bonsaitrees.bonsaipot":13,"stat.useItem.minecraft.stone_axe":190,"stat.craftItem.minecraft.bread":117,"stat.pickup.minecraft.spider_eye":4,"stat.mineBlock.minecraft.iron_bars":1,"stat.pickup.tconstruct.crossbow":4,"stat.pickup.minecraft.leaves":17,"stat.pickup.xlfoodmod.tomato_seeds":16,"stat.pickup.minecraft.leather":2,"stat.craftItem.minecraft.iron_bars":16,"stat.pickup.mysticalagriculture.crafting":31,"stat.pickup.minecraft.reeds":278,"stat.drop.tp.watering_can":3,"stat.pickup.storagenetwork.storage_kabel":1,"stat.pickup.minecraft.oak_stairs":18,"stat.useItem.xlfoodmod.lettuce":2,"stat.damageDealt":63447,"stat.sleepInBed":4,"stat.craftItem.minecraft.baked_potato":391,"stat.killEntity.Cow":1,"stat.killEntity.Pig":7,"stat.useItem.bdsandm.wood_barrel":62,"stat.pickup.sky_orchards.acorn_bone":80,"stat.craftItem.nuclearcraft.part":20,"stat.walkOneCm":6568722,"stat.pickup.ceramics.clay_bucket":2,"stat.playerKills":72,"stat.pickup.minecraft.stick":28,"stat.drop.minecraft.vine":2,"stat.pickup.sky_orchards.acorn_clay":8,"stat.pickup.sky_orchards.acorn_emerald":10,"stat.drop.minecraft.iron_block":1,"stat.mineBlock.sky_orchards.log_gravel":13,"stat.pickup.sky_orchards.acorn_gravel":8,"stat.drop.minecraft.emerald":1,"stat.craftItem.minecraft.redstone":9,"stat.pickup.sky_orchards.sapling_gravel":5,"stat.craftItem.tp.watering_can":1,"stat.killEntity.Skeleton":17,"stat.drop.sky_orchards.sapling_dirt":129,"stat.craftItem.bdsandm.wood_crate":1,"stat.killEntity.Chicken":24,"stat.mineBlock.minecraft.redstone_torch":2,"stat.killEntity.Spider":15,"stat.craftItem.minecraft.tnt":5,"stat.pickup.minecraft.quartz":10,"stat.craftItem.minecraft.fence":378,"stat.mineBlock.minecraft.leaves":7,"stat.pickup.minecraft.lava_bucket":1,"stat.drop.minecraft.beef":3,"stat.craftItem.minecraft.brick":31,"stat.pickup.xlfoodmod.donut":32,"stat.mineBlock.minecraft.stone":536,"stat.drop.tconstruct.book":1}