{"stat.craftItem.sky_orchards.amber_cobalt":64,"stat.mineBlock.sky_orchards.log_coal":72,"stat.useItem.minecraft.quartz_block":130,"stat.pickup.minecraft.wooden_slab":3,"stat.leaveGame":11,"stat.pickup.tconstruct.edible":29,"stat.pickup.tconstruct.faucet":1,"stat.mineBlock.sky_orchards.log_dirt":542,"stat.pickup.sky_orchards.resin_cottonwood":195,"stat.drop.conarm.leggings":1,"stat.pickup.minecraft.rotten_flesh":18,"stat.pickup.sky_orchards.acorn_diamond":35,"stat.pickup.sky_orchards.sapling_dirt":614,"stat.craftItem.minecraft.stone_axe":15,"stat.pickup.minecraft.cobblestone_wall":3,"stat.killEntity.Enderman":6,"stat.mineBlock.minecraft.wooden_slab":2,"stat.pickup.tcomplement.materials":1,"stat.pickup.minecraft.brown_mushroom":6,"stat.pickup.sky_orchards.resin_petrified":102,"stat.craftItem.sky_orchards.amber_ardite":64,"stat.pickup.xlfoodmod.strawberry_seeds":1,"stat.pickup.xlfoodmod.lettuce":1,"stat.craftItem.minecraft.wooden_pickaxe":1,"stat.craftItem.conarm.armorforge":1,"stat.craftItem.minecraft.bed":2,"stat.mineBlock.minecraft.vine":22,"stat.furnaceInteraction":73,"stat.mineBlock.telepastries.overworld_cake":1,"stat.mineBlock.minecraft.rail":2,"stat.useItem.statues.blockplayerstatue":4,"stat.useItem.sky_orchards.sapling_gold":47,"stat.pickup.headcrumbs.skull":1,"stat.drop.yoyos.yoyo_axle":5,"stat.drop.minecraft.red_flower":3,"stat.pickup.sky_orchards.acorn_coal":28,"stat.drop.tcomplement.materials":2,"stat.drop.sky_orchards.acorn_dirt":15,"stat.pickup.sky_orchards.acorn_dirt":458,"stat.pickup.inspirations.potato_seeds":1,"stat.pickup.sky_orchards.sapling_coal":45,"stat.useItem.minecraft.fence":64,"stat.mineBlock.minecraft.fence":18,"stat.pickup.tconstruct.smeltery_io":2,"stat.mineBlock.sky_orchards.log_tin":37,"stat.pickup.sky_orchards.leaves_coal":18,"stat.useItem.minecraft.dye":21,"stat.deaths":71,"stat.useItem.tconstruct.smeltery_io":11,"stat.pickup.minecraft.egg":100,"stat.pickup.sky_orchards.sapling_lapis":70,"stat.craftItem.conarm.armorstation":1,"stat.drop.minecraft.torch":4,"stat.craftItem.conarm.leggings":7,"stat.mineBlock.minecraft.tallgrass":3,"stat.useItem.sky_orchards.sapling_sand":20,"stat.pickup.tconstruct.seared":11,"stat.chestOpened":381,"stat.pickup.inspirations.stone_crook":2,"stat.pickup.minecraft.arrow":10,"stat.pickup.sky_orchards.resin_redstone":94,"stat.mineBlock.sky_orchards.leaves_iron":1081,"stat.craftItem.minecraft.quartz_block":100,"stat.drop.tconstruct.longsword":1,"stat.craftItem.minecraft.coal":120,"stat.pickup.tconstruct.cast_custom":2,"stat.useItem.sky_orchards.sapling_gravel":22,"stat.pickup.minecraft.carrot":3,"stat.crouchOneCm":194621,"stat.craftItem.minecraft.diamond":2,"stat.pickup.minecraft.rail":21,"stat.craftItem.minecraft.iron_ingot":72,"stat.pickup.tconstruct.slime_vine_blue":3,"stat.pickup.rustic.grape_stem":2,"stat.pickup.bonsaitrees.bonsaipot":1,"stat.pickup.sky_orchards.resin_lapis":152,"stat.craftItem.xlfoodmod.cooked_dough":8,"stat.drop.minecraft.slime_ball":1,"stat.craftingTableInteraction":44,"stat.pickup.sky_orchards.sapling_tin":43,"stat.craftItem.tconstruct.pattern":37,"stat.pickup.sky_orchards.acorn_redstone":35,"stat.mineBlock.tconstruct.smeltery_io":2,"stat.pickup.minecraft.dye":87,"stat.pickup.minecraft.planks":109,"stat.pickup.sky_orchards.resin_iron":179,"stat.pickup.minecraft.wheat_seeds":6,"stat.mineBlock.minecraft.dirt":745,"stat.pickup.sky_orchards.acorn_iron":164,"stat.mineBlock.sky_orchards.leaves_lapis":479,"stat.pickup.tconstruct.pattern":4,"stat.useItem.minecraft.bread":1,"stat.pickup.sky_orchards.sapling_iron":167,"stat.drop.minecraft.rotten_flesh":8,"stat.useItem.minecraft.cobblestone":190,"stat.mineBlock.sky_orchards.sapling_clay":4,"stat.drop.yoyos.yoyo":1,"stat.pickup.sky_orchards.resin_gravel":170,"stat.pickup.yoyos.yoyo":1,"stat.pickup.sky_orchards.resin_silver":7,"stat.pickup.minecraft.apple":1219,"stat.craftItem.minecraft.planks":1636,"stat.craftItem.minecraft.dirt":72,"stat.mineBlock.minecraft.log":147,"stat.mineBlock.minecraft.waterlily":1,"stat.pickup.rustic.sapling_apple":81,"stat.craftItem.sky_orchards.sapling_donut":1,"stat.useItem.sky_orchards.sapling_diamond":8,"stat.craftItem.minecraft.paper":72,"stat.pickup.minecraft.red_flower":15,"stat.mineBlock.sky_orchards.log_cottonwood":121,"stat.pickup.minecraft.wool":2,"stat.useItem.minecraft.wooden_axe":191,"stat.useItem.sky_orchards.sapling_netherrack":13,"stat.cakeSlicesEaten":8,"stat.mineBlock.minecraft.cobblestone":136,"stat.pickup.minecraft.flint":39,"stat.killEntity.Human":8,"stat.craftItem.minecraft.wool":8,"stat.pickup.pickletweaks.coal_piece":13,"stat.drop.minecraft.cobblestone":128,"stat.mineBlock.sky_orchards.leaves_redstone":377,"stat.useItem.minecraft.obsidian":4,"stat.useItem.minecraft.cookie":5,"stat.useItem.minecraft.stone_slab2":150,"stat.pickup.conarm.armorforge":2,"stat.useItem.minecraft.egg":96,"stat.useItem.mysticalagriculture.inferium_apple":4,"stat.mineBlock.sky_orchards.leaves_emerald":237,"stat.mineBlock.minecraft.obsidian":4,"stat.mineBlock.sky_orchards.leaves_dirt":4880,"stat.pickup.minecraft.shears":2,"stat.craftItem.sky_orchards.amber_gold":79,"stat.flyOneCm":1796065,"stat.mineBlock.sky_orchards.leaves_coal":337,"stat.mineBlock.morecauldrons.cobble_cauldron":1,"stat.timeSinceDeath":44449,"stat.useItem.minecraft.wooden_slab":3,"stat.craftItem.minecraft.iron_block":1,"stat.craftItem.tconstruct.seared":113,"stat.pickup.sky_orchards.acorn_lead":33,"stat.killEntity.Creeper":8,"stat.mineBlock.sky_orchards.leaves_diamond":520,"stat.talkedToVillager":3,"stat.pickup.minecraft.string":49,"stat.ae2.ItemsInserted":2788,"stat.mineBlock.rustic.sapling_apple":1,"stat.pickup.sky_orchards.resin_netherrack":49,"stat.drop.minecraft.obsidian":2,"stat.useItem.sky_orchards.sapling_petrified":8,"stat.craftItem.tconstruct.tooltables":9,"stat.sprintOneCm":2313465,"stat.mineBlock.minecraft.stone_slab":17,"stat.craftItem.minecraft.wooden_axe":4,"stat.pickup.nuclearcraft.record_end_of_the_world":1,"stat.useItem.carryon.tile_item":27,"stat.mineBlock.sky_orchards.leaves_petrified":415,"stat.craftItem.tconstruct.ingots":9,"stat.mineBlock.sky_orchards.sapling_iron":8,"stat.drop.tconstruct.cleaver":1,"stat.pickup.sky_orchards.leaves_gravel":338,"stat.pickup.inspirations.wooden_crook":1,"stat.mineBlock.sky_orchards.log_donut":164,"stat.mineBlock.sky_orchards.log_lead":26,"stat.pickup.minecraft.vine":24,"stat.pickup.sky_orchards.resin_diamond":78,"stat.useItem.minecraft.ladder":10,"stat.craftItem.minecraft.emerald":2,"stat.mineBlock.bonsaitrees.bonsaipot":1,"stat.pickup.minecraft.iron_block":3,"stat.killEntity.Zombie":11,"stat.craftItem.minecraft.dye":79,"stat.diveOneCm":86589,"stat.craftItem.minecraft.slime_ball":28,"stat.pickup.minecraft.wheat":7,"stat.pickup.tconstruct.tooltables":6,"stat.mineBlock.sky_orchards.leaves_donut":1076,"stat.craftItem.minecraft.cooked_porkchop":4,"stat.pickup.minecraft.stone_axe":1,"stat.pickup.minecraft.obsidian":6,"stat.pickup.cyclicmagic.crafting_food":1,"stat.craftItem.sky_orchards.sapling_coal":2,"stat.pickup.sky_orchards.resin_clay":78,"stat.drop.minecraft.apple":9,"stat.jump":6486,"stat.useItem.minecraft.sand":1,"stat.pickup.tp.birthday_pickaxe":1,"stat.useItem.sky_orchards.sapling_redstone":9,"stat.pickup.minecraft.coal":22,"stat.pickup.tconstruct.seared_tank":1,"stat.pickup.minecraft.gunpowder":8,"stat.drop.tconstruct.pattern":2,"stat.mineBlock.sky_orchards.log_sand":93,"stat.craftItem.minecraft.torch":60,"stat.pickup.minecraft.dirt":793,"stat.pickup.sky_orchards.resin_bone":136,"stat.useItem.minecraft.sapling":1,"stat.pickup.minecraft.cookie":5,"stat.mineBlock.sky_orchards.log_emerald":17,"stat.damageTaken":30070,"stat.mineBlock.minecraft.torch":15,"stat.pickup.yoyos.yoyo_axle":1,"stat.mineBlock.minecraft.red_flower":12,"stat.killEntity.tconstruct.blueslime":2,"stat.pickup.conarm.chest_core":1,"stat.pickup.minecraft.bed":2,"stat.pickup.minecraft.quartz_block":415,"stat.pickup.minecraft.diamond_axe":2,"stat.pickup.sky_orchards.sapling_clay":82,"stat.pickup.statues.blockplayerstatue":24,"stat.killEntity.bouncy_creepers.bouncy_creeper":3,"stat.craftItem.horsepower.chopping_block":2,"stat.craftItem.minecraft.stone_slab":12,"stat.useItem.minecraft.chest":3,"stat.craftItem.tconstruct.smeltery_io":11,"stat.pickup.sky_orchards.sapling_bone":149,"stat.mineBlock.thermaldynamics.duct_16":1,"stat.pickup.sky_orchards.sapling_donut":150,"stat.useItem.tconstruct.faucet":9,"stat.useItem.sky_orchards.sapling_lead":4,"stat.drop.inspirations.wooden_crook":1,"stat.pickup.sky_orchards.acorn_netherrack":28,"stat.mineBlock.sky_orchards.leaves_lead":303,"stat.mineBlock.sky_orchards.log_diamond":66,"stat.pickup.minecraft.baked_potato":3,"stat.pickup.minecraft.ender_pearl":3,"stat.pickup.minecraft.ladder":21,"stat.craftItem.conarm.boots":5,"stat.mobKills":58,"stat.craftItem.minecraft.shears":1,"stat.mineBlock.sky_orchards.log_gold":245,"stat.pickup.minecraft.torch":28,"stat.drop.sky_orchards.acorn_clay":3,"stat.useItem.inspirations.sugar_cane_seeds":4,"stat.mineBlock.sky_orchards.log_petrified":75,"stat.pickup.tconstruct.book":3,"stat.craftItem.sky_orchards.sapling_cottonwood":1,"stat.mineBlock.tconstruct.seared_tank":1,"stat.useItem.sky_orchards.sapling_cottonwood":22,"stat.drop.minecraft.skull":1,"stat.drop.extendedcrafting.handheld_table":2,"stat.pickup.sky_orchards.resin_lead":35,"stat.useItem.minecraft.planks":1029,"stat.mineBlock.sky_orchards.leaves_tin":308,"stat.craftItem.xlfoodmod.donut":4,"stat.pickup.minecraft.porkchop":3,"stat.drop.tconstruct.slime_boots":1,"stat.pickup.tconstruct.slimesling":1,"stat.useItem.sky_orchards.sapling_iron":25,"stat.useItem.minecraft.water_bucket":1,"stat.drop.sky_orchards.sapling_petrified":3,"stat.pickup.minecraft.sand":77,"stat.drop.tconstruct.crossbow":1,"stat.craftItem.tconstruct.casting":10,"stat.mineBlock.minecraft.sand":1,"stat.mineBlock.sky_orchards.leaves_netherrack":430,"stat.drop.minecraft.diamond":2,"stat.pickup.tconstruct.slime_sapling":2,"stat.pickup.integrateddynamics.menril_leaves":64,"stat.drop.ceramics.clay_bucket":2,"stat.drop.nuclearcraft.alloy":9,"stat.mineBlock.sky_orchards.leaves_gold":2038,"stat.craftItem.thermalfoundation.material":9,"stat.craftItem.xlfoodmod.dough":16,"stat.pickup.mysticalagriculture.inferium_apple":17,"stat.pickup.xlfoodmod.vanilla_flower":2,"stat.pickup.minecraft.skull":4,"stat.craftItem.minecraft.sand":2,"stat.pickup.tconstruct.slime_dirt":4,"stat.craftItem.chisel.chisel_diamond":0,"stat.playOneMinute":1453140,"stat.useItem.sky_orchards.acorn_dirt":34,"stat.drop.statues.blockplayerstatue":15,"stat.mineBlock.sky_orchards.sapling_cottonwood":1,"stat.drop.tconstruct.shuriken":1,"stat.recordPlayed":4,"stat.pickup.tconstruct.casting":10,"stat.pickup.minecraft.waterlily":2,"stat.craftItem.conarm.chestplate":5,"stat.pickup.sky_orchards.acorn_petrified":50,"stat.useItem.inspirations.wooden_crook":881,"stat.pickup.sky_orchards.resin_sand":119,"stat.mineBlock.tconstruct.faucet":2,"stat.pickup.nuclearcraft.record_wanderer":3,"stat.pickup.sky_orchards.resin_gold":360,"stat.fallOneCm":3882672,"stat.drop.minecraft.dye":89,"stat.useItem.horsepower.chopping_block":1,"stat.pickup.minecraft.melon_seeds":2,"stat.pickup.sky_orchards.sapling_netherrack":41,"stat.craftItem.tconstruct.toolforge":1,"stat.craftItem.minecraft.chest":3,"stat.pickup.minecraft.red_mushroom":3,"stat.mineBlock.sky_orchards.leaves_sand":992,"stat.pickup.sky_orchards.sapling_sand":101,"stat.pickup.sky_orchards.resin_tin":56,"stat.pickup.minecraft.feather":1,"stat.craftItem.tconstruct.materials":63,"stat.mineBlock.conarm.armorforge":2,"stat.pickup.sky_orchards.sapling_gold":156,"stat.mineBlock.sky_orchards.sapling_petrified":3,"stat.mineBlock.sky_orchards.log_bone":91,"stat.mineBlock.sky_orchards.sapling_diamond":1,"stat.drop.advancementbook.advancement_book":1,"stat.drop.minecraft.stick":391,"stat.useItem.minecraft.torch":48,"stat.mineBlock.sky_orchards.sapling_dirt":5,"stat.pickup.advancementbook.advancement_book":1,"stat.useItem.minecraft.log":38,"stat.pickup.sky_orchards.acorn_gold":242,"stat.craftItem.minecraft.crafting_table":7,"stat.craftItem.ceramics.clay_bucket":1,"stat.pickup.minecraft.log":2200,"stat.drop.sky_orchards.acorn_gravel":3,"stat.pickup.sky_orchards.acorn_sand":391,"stat.drop.minecraft.planks":31,"stat.pickup.minecraft.sapling":19,"stat.drop.sky_orchards.acorn_redstone":6,"stat.useItem.xlfoodmod.donut":53,"stat.mineBlock.tconstruct.toolforge":1,"stat.killEntity.rogue_android":2,"stat.mineBlock.sky_orchards.log_clay":50,"stat.pickup.sky_orchards.acorn_lapis":55,"stat.drop.tconstruct.edible":66,"stat.craftItem.minecraft.sugar":10,"stat.useItem.sky_orchards.sapling_coal":14,"stat.sneakTime":61840,"stat.pickup.sky_orchards.sapling_diamond":111,"stat.mineBlock.minecraft.cobblestone_wall":1,"stat.useItem.minecraft.baked_potato":4,"stat.pickup.minecraft.stone_slab":13,"stat.pickup.minecraft.yellow_flower":2,"stat.pickup.minecraft.golden_rail":4,"stat.useItem.sky_orchards.sapling_dirt":99,"stat.drop.minecraft.wooden_axe":2,"stat.mineBlock.sky_orchards.log_netherrack":65,"stat.pickup.minecraft.bone":16,"stat.craftItem.ceramics.unfired_clay":1,"stat.pickup.minecraft.redstone_torch":4,"stat.mineBlock.sky_orchards.leaves_gravel":1214,"stat.mineBlock.sky_orchards.leaves_silver":56,"stat.craftItem.tconstruct.faucet":10,"stat.pickup.sky_orchards.resin_dirt":706,"stat.drop.xlfoodmod.vanilla_flower":1,"stat.craftItem.sky_orchards.amber_iron":76,"stat.swimOneCm":23201,"stat.useItem.sky_orchards.sapling_lapis":6,"stat.climbOneCm":98393,"stat.craftItem.inspirations.stone_crook":42,"stat.ae2.ItemsExtracted":3038,"stat.useItem.sky_orchards.sapling_bone":24,"stat.useItem.minecraft.dirt":29,"stat.drop.minecraft.quartz":9,"stat.pickup.tp.watering_can":1,"stat.craftItem.minecraft.bone_block":8,"stat.craftItem.extendedcrafting.handheld_table":3,"stat.pickup.minecraft.cobblestone":319,"stat.drop.minecraft.fence":10,"stat.mineBlock.sky_orchards.sapling_gold":1,"stat.useItem.sky_orchards.sapling_donut":31,"stat.pickup.sky_orchards.sapling_lead":42,"stat.pickup.sky_orchards.resin_coal":117,"stat.craftItem.minecraft.wooden_slab":12,"stat.pickup.minecraft.cactus":37,"stat.pickup.sky_orchards.sapling_petrified":42,"stat.mineBlock.sky_orchards.leaves_cottonwood":499,"stat.drop.minecraft.log":735,"stat.drop.tconstruct.cast_custom":1,"stat.drop.tconstruct.tooltables":1,"stat.pickup.minecraft.wooden_axe":1,"stat.pickup.tconstruct.soil":1,"stat.drop.minecraft.dirt":65,"stat.useItem.minecraft.cooked_porkchop":2,"stat.useItem.sky_orchards.sapling_clay":16,"stat.craftItem.tconstruct.soil":451,"stat.useItem.tconstruct.edible":7,"stat.mineBlock.sky_orchards.leaves_clay":592,"stat.craftItem.tconstruct.slime_boots":1,"stat.craftItem.minecraft.stone_slab2":8,"stat.pickup.sky_orchards.sapling_cottonwood":91,"stat.drop.conarm.chest_core":1,"stat.drop.sky_orchards.resin_gravel":1,"stat.craftItem.minecraft.stick":72,"stat.useItem.cyclicmagic.crafting_food":1,"stat.useItem.minecraft.stone_slab":15,"stat.useItem.minecraft.bed":1,"stat.useItem.sky_orchards.sapling_emerald":7,"stat.useItem.tconstruct.casting":4,"stat.mineBlock.minecraft.quartz_block":481,"stat.useItem.rustic.sapling_apple":18,"stat.mineBlock.minecraft.planks":136,"stat.drop":201,"stat.mineBlock.rustic.leaves_apple":721,"stat.craftItem.conarm.helmet":7,"stat.useItem.tconstruct.seared":78,"stat.pickup.minecraft.slime_ball":1,"stat.craftItem.minecraft.clay":64,"stat.useItem.inspirations.stone_crook":11052,"stat.pickup.sky_orchards.acorn_cottonwood":129,"stat.pickup.tconstruct.toolforge":1,"stat.mineBlock.sky_orchards.leaves_bone":813,"stat.pickup.minecraft.gravel":15,"stat.useItem.minecraft.diamond_axe":1525,"stat.useItem.minecraft.waterlily":2,"stat.useItem.minecraft.apple":186,"stat.mineBlock.tconstruct.slime_dirt":3,"stat.pickup.sky_orchards.acorn_tin":35,"stat.pickup.minecraft.fence":21,"stat.pickup.conarm.leggings":1,"stat.pickup.sky_orchards.sapling_redstone":61,"stat.useItem.tp.birthday_pickaxe":683,"stat.pickup.sky_orchards.acorn_donut":173,"stat.useItem.minecraft.stone_axe":695,"stat.pickup.minecraft.spider_eye":2,"stat.useItem.sky_orchards.sapling_tin":6,"stat.pickup.tconstruct.slime_congealed":7,"stat.pickup.tconstruct.crossbow":2,"stat.drop.inspirations.stone_crook":1,"stat.pickup.inspirations.sugar_cane_seeds":6,"stat.mineBlock.tconstruct.tooltables":7,"stat.pickup.minecraft.leaves":2,"stat.mineBlock.sky_orchards.log_lapis":98,"stat.useItem.minecraft.wooden_pickaxe":1,"stat.pickup.mysticalagriculture.crafting":5,"stat.pickup.minecraft.reeds":18,"stat.drop.tp.watering_can":1,"stat.mineBlock.sky_orchards.log_redstone":61,"stat.pickup.conarm.book":1,"stat.pickup.tconstruct.materials":20,"stat.useItem.xlfoodmod.lettuce":1,"stat.drop.sky_orchards.leaves_redstone":1,"stat.damageDealt":14364,"stat.craftItem.resourcehogs.mud_bucket":1,"stat.sleepInBed":3,"stat.craftItem.minecraft.baked_potato":1,"stat.mineBlock.sky_orchards.log_iron":107,"stat.craftItem.minecraft.gravel":139,"stat.useItem.bdsandm.wood_barrel":1,"stat.pickup.sky_orchards.acorn_bone":111,"stat.walkOneCm":4341301,"stat.pickup.ceramics.clay_bucket":3,"stat.pickup.sky_orchards.resin_donut":249,"stat.playerKills":9,"stat.pickup.minecraft.stick":385,"stat.craftItem.sky_orchards.sapling_bacon":1,"stat.pickup.minecraft.clay_ball":3,"stat.craftItem.inspirations.wooden_crook":7,"stat.pickup.sky_orchards.acorn_clay":79,"stat.mineBlock.sky_orchards.log_silver":4,"stat.drop.minecraft.diamond_axe":1,"stat.drop.minecraft.iron_block":4,"stat.mineBlock.sky_orchards.log_gravel":109,"stat.pickup.sky_orchards.acorn_gravel":202,"stat.useItem.sky_orchards.acorn_bone":8,"stat.pickup.sky_orchards.acorn_silver":4,"stat.drop.minecraft.emerald":2,"stat.pickup.sky_orchards.sapling_gravel":131,"stat.useItem.minecraft.cactus":2,"stat.pickup.minecraft.gold_ingot":16,"stat.pickup.sky_orchards.sapling_silver":13,"stat.killEntity.Skeleton":9,"stat.mineBlock.minecraft.cactus":2,"stat.useItem.sky_orchards.acorn_clay":8,"stat.killEntity.Chicken":1,"stat.mineBlock.minecraft.redstone_torch":3,"stat.killEntity.Spider":6,"stat.pickup.minecraft.bread":1,"stat.pickup.minecraft.quartz":12,"stat.craftItem.minecraft.fence":60,"stat.craftItem.farmingforblockheads.market":1,"stat.useItem.sky_orchards.acorn_lapis":28,"stat.mineBlock.minecraft.leaves":166,"stat.useItem.chisel.cobblestone1":53,"stat.mineBlock.tconstruct.seared":11,"stat.mineBlock.tconstruct.casting":10,"stat.craftItem.tcomplement.materials":1,"stat.craftItem.minecraft.brick":40,"stat.pickup.xlfoodmod.donut":434,"stat.drop.tconstruct.book":2}