{"stat.mineBlock.sky_orchards.log_coal":23,"stat.craftItem.sky_orchards.sapling_sand":1,"stat.useItem.minecraft.quartz_block":215,"stat.craftItem.mysticalagriculture.infusion_crystal":1,"stat.pickup.industrialforegoing.plant_interactor":3,"stat.pickup.sky_orchards.resin_quartz":1,"stat.pickup.mekanism.machineblock3":1,"stat.craftItem.sky_orchards.amber_osmium":59,"stat.entityKilledBy.Human":2,"stat.craftItem.sky_orchards.amber_bone":6,"stat.mineBlock.minecraft.stained_glass":51,"stat.pickup.rustic.crushing_tub":4,"stat.pickup.tconstruct.faucet":3,"stat.useItem.xlfoodmod.cooked_dough":8,"stat.mineBlock.sky_orchards.log_dirt":54,"stat.drop.sky_orchards.sapling_redstone":52,"stat.pickup.minecraft.rotten_flesh":180,"stat.useItem.minecraft.diamond_hoe":3,"stat.mineBlock.nuclearcraft.manufactory_idle":2,"stat.pickup.uppers.upper":1,"stat.mineBlock.practicallogistics2.hammer_air":1,"stat.craftItem.minecraft.stone_axe":20,"stat.pickup.sky_orchards.resin_emerald":23,"stat.pickup.minecraft.cobblestone_wall":16,"stat.pickup.minecraft.bucket":1,"stat.killEntity.Enderman":17,"stat.mineBlock.slabmachines.furnace_slab":1,"stat.useItem.tconstruct.slime_sapling":5,"stat.craftItem.tp.diamond_cobblegen_block":4,"stat.pickup.minecraft.stained_hardened_clay":36,"stat.mineBlock.sky_orchards.amber_cottonwood":1,"stat.craftItem.minecraft.glass_pane":32,"stat.craftItem.cyclicmagic.energy_pump":5,"stat.drop.minecraft.diamond_chestplate":1,"stat.mineBlock.chisel.marble2":38,"stat.craftItem.ironjetpacks.stone_cell":0,"stat.furnaceInteraction":420,"stat.useItem.sky_orchards.sapling_gold":15,"stat.pickup.headcrumbs.skull":1,"stat.craftItem.sky_orchards.acorn_dirt":17,"stat.drop.buildinggadgets.buildingtool":2,"stat.pickup.sky_orchards.acorn_coal":162,"stat.pickup.sky_orchards.acorn_dirt":209,"stat.useItem.minecraft.fence":172,"stat.pickup.mysticalagriculture.tier1_inferium_seeds":23,"stat.pickup.ceramics.unfired_clay":3,"stat.craftItem.telepastries.hunting_dimension_cake":1,"stat.mineBlock.tconstruct.ore":90,"stat.mineBlock.tp.diamond_cobblegen_block":12,"stat.craftItem.minecraft.daylight_detector":2,"stat.useItem.minecraft.flint_and_steel":3,"stat.mineBlock.minecraft.fence":400,"stat.pickup.cyclicmagic.energy_pump":10,"stat.craftItem.morecauldrons.cobble_cauldron":3,"stat.pickup.minecraft.emerald":1,"stat.pickup.sky_orchards.sapling_copper":57,"stat.deaths":74,"stat.pickup.extendedcrafting.handheld_table":3,"stat.pickup.minecraft.egg":108,"stat.pickup.horsepower.chopping_block":1,"stat.drop.sky_orchards.sapling_tin":2,"stat.craftItem.minecraft.iron_pickaxe":2,"stat.drop.tp.birthday_pickaxe":1,"stat.pickup.sky_orchards.sapling_lapis":317,"stat.pickup.integrateddynamics.energy_battery":2,"stat.craftItem.minecraft.repeater":18,"stat.craftItem.industrialforegoing.animal_byproduct_recolector":1,"stat.useItem.sky_orchards.sapling_sand":15,"stat.chestOpened":877,"stat.craftItem.minecraft.sign":15,"stat.craftItem.cyclicmagic.clock":1,"stat.craftItem.minecraft.quartz_block":375,"stat.mineBlock.sky_orchards.leaves_iron":3106,"stat.craftItem.minecraft.coal":813,"stat.craftItem.uppers.upper":1,"stat.craftItem.buildinggadgets.buildingtool":1,"stat.pickup.deepmoblearning.simulation_chamber":2,"stat.craftItem.sky_orchards.sapling_redstone":1,"stat.pickup.minecraft.carrot":1,"stat.crouchOneCm":326049,"stat.craftItem.minecraft.diamond":313,"stat.pickup.minecraft.rail":210,"stat.craftItem.minecraft.iron_ingot":882,"stat.pickup.rustic.grape_stem":18,"stat.pickup.bonsaitrees.bonsaipot":48,"stat.craftItem.xlfoodmod.cooked_dough":8,"stat.craftingTableInteraction":239,"stat.mineBlock.minecraft.wooden_pressure_plate":1,"stat.mineBlock.appliedenergistics2.inscriber":1,"stat.mineBlock.tconstruct.rack":9,"stat.craftItem.tconstruct.pattern":23,"stat.mineBlock.minecraft.log2":2,"stat.pickup.minecraft.dye":38,"stat.pickup.minecraft.planks":593,"stat.pickup.sky_orchards.resin_iron":535,"stat.pickup.chisel.limestone2":1,"stat.mineBlock.cyclicmagic.block_forester":2,"stat.drop.nuclearcraft.ore":18,"stat.pickup.thermaldynamics.duct_16":21,"stat.craftItem.minecraft.magma":8,"stat.craftItem.mekanism.speedupgrade":8,"stat.drop.sky_orchards.acorn_iron":4,"stat.craftItem.thermaldynamics.duct_16":12,"stat.mineBlock.minecraft.daylight_detector":1,"stat.pickup.sync.item_treadmill":3,"stat.mineBlock.sky_orchards.leaves_lapis":1221,"stat.mineBlock.bdsandm.wood_barrel":56,"stat.pickup.sky_orchards.sapling_iron":502,"stat.drop.minecraft.rotten_flesh":9,"stat.craftItem.bdsandm.metal_crate":2,"stat.pickup.base.wrench":1,"stat.mineBlock.sky_orchards.sapling_clay":1,"stat.drop.yoyos.yoyo":1,"stat.pickup.nuclearcraft.glowing_mushroom":2,"stat.mineBlock.simplegenerators.turbine_simple":2,"stat.pickup.sky_orchards.resin_gravel":286,"stat.pickup.yoyos.yoyo":1,"stat.pickup.sky_orchards.resin_silver":525,"stat.drop.minecraft.sapling":4,"stat.pickup.minecraft.chicken":2,"stat.craftItem.cyclicmagic.auto_crafter":0,"stat.drop.sky_orchards.sapling_lapis":5,"stat.craftItem.appliedenergistics2.inscriber":1,"stat.pickup.slabmachines.workbench_slab":4,"stat.pickup.minecraft.coal_block":3,"stat.craftItem.minecraft.bucket":8,"stat.craftItem.minecraft.planks":1784,"stat.useItem.sky_orchards.acorn_gold":1,"stat.pickup.fluxnetworks.flux":8,"stat.craftItem.minecraft.dirt":176,"stat.pickup.minecraft.stone_sword":1,"stat.craftItem.rustic.fertile_soil":177,"stat.useItem.minecraft.stonebrick":1,"stat.pickup.minecraft.book":693,"stat.mineBlock.minecraft.waterlily":1,"stat.useItem.carryon.entity_item":13,"stat.craftItem.storagenetwork.master":1,"stat.pickup.minecraft.iron_door":1,"stat.useItem.sky_orchards.sapling_diamond":24,"stat.mineBlock.industrialforegoing.lava_fabricator":4,"stat.pickup.appliedenergistics2.part":19,"stat.mineBlock.cyclicmagic.placer_block":3,"stat.craftItem.mysticalagriculture.prudentium_apple":0,"stat.pickup.nuclearcraft.isotope_separator_idle":2,"stat.useItem.sky_orchards.sapling_netherrack":4,"stat.craftItem.minecraft.cobblestone":30,"stat.pickup.minecraft.tripwire_hook":1,"stat.craftItem.industrialforegoing.sewage_composter_solidifier":1,"stat.useItem.tconstruct.shuriken":154,"stat.mineBlock.minecraft.cobblestone":746,"stat.pickup.minecraft.stone_pickaxe":2,"stat.pickup.minecraft.flint":304,"stat.killEntity.Human":92,"stat.craftItem.sky_orchards.sapling_emerald":1,"stat.useItem.cyclicmagic.cyclic_wand_build":852,"stat.mineBlock.minecraft.concrete":4,"stat.craftItem.nuclearcraft.alloy_furnace_idle":1,"stat.mineBlock.minecraft.stained_glass_pane":10,"stat.useItem.thermaldynamics.duct_16":23,"stat.mineBlock.chisel.cobblestone2":2,"stat.mineBlock.chisel.cobblestone1":4,"stat.drop.minecraft.cobblestone":147,"stat.mineBlock.morecauldrons.oak_cauldron":6,"stat.mineBlock.sky_orchards.leaves_redstone":638,"stat.useItem.minecraft.stone_slab2":618,"stat.craftItem.minecraft.furnace":32,"stat.craftItem.minecraft.lapis_block":50,"stat.pickup.thermalfoundation.ore":145,"stat.pickup.tp.cobblegen_block":2,"stat.pickup.rftoolspower.power_core1":3,"stat.useItem.mysticalagriculture.inferium_apple":101,"stat.useItem.mysticalagriculture.fertilized_essence":56,"stat.useItem.thermaldynamics.duct_32":44,"stat.mineBlock.morecauldrons.cobble_cauldron":11,"stat.useItem.minecraft.wooden_slab":3,"stat.craftItem.minecraft.iron_block":16,"stat.useItem.mysticalagriculture.boron_seeds":30,"stat.craftItem.minecraft.stonebrick":8,"stat.pickup.thermaldynamics.duct_0":47,"stat.mineBlock.cookingforblockheads.cow_jar":2,"stat.useItem.tconstruct.rack":3,"stat.pickup.sky_orchards.acorn_lead":389,"stat.killEntity.Creeper":69,"stat.ae2.ItemsInserted":107281,"stat.craftItem.mysticalagriculture.master_infusion_crystal":0,"stat.pickup.tombstone.crafting_ingredient":5,"stat.entityKilledBy.Skeleton":2,"stat.craftItem.tconstruct.stone_stick":8,"stat.useItem.sky_orchards.sapling_petrified":12,"stat.pickup.thermaldynamics.duct_32":14,"stat.sprintOneCm":3241787,"stat.mineBlock.minecraft.stone_slab":16,"stat.mineBlock.sky_orchards.sapling_copper":1,"stat.useItem.carryon.tile_item":28,"stat.mineBlock.uppers.upper":1,"stat.pickup.bdsandm.wood_barrel":56,"stat.craftItem.mysticalagriculture.silicon_seeds":1,"stat.mineBlock.sky_orchards.leaves_petrified":569,"stat.mineBlock.sky_orchards.sapling_iron":5,"stat.pickup.sky_orchards.sapling_emerald":44,"stat.drop.tconstruct.cleaver":2,"stat.craftItem.sky_orchards.amber_prosperity":33,"stat.pickup.tconstruct.nuggets":38,"stat.mineBlock.sky_orchards.log_lead":6,"stat.pickup.sky_orchards.resin_diamond":1456,"stat.drop.cyclicmagic.crafting_food":1,"stat.craftItem.minecraft.emerald":48,"stat.mineBlock.bonsaitrees.bonsaipot":41,"stat.pickup.minecraft.iron_block":10,"stat.killEntity.Zombie":110,"stat.craftItem.deepmoblearning.data_model_blank":6,"stat.craftItem.minecraft.dye":549,"stat.craftItem.minecraft.diamond_axe":2,"stat.mineBlock.minecraft.gold_ore":7,"stat.craftItem.minecraft.slime_ball":52,"stat.pickup.minecraft.wheat":9,"stat.drop.sky_orchards.sapling_clay":1,"stat.pickup.rftoolspower.information_screen":1,"stat.pickup.minecraft.sign":7,"stat.mineBlock.tconstruct.slime_leaves":481,"stat.pickup.minecraft.obsidian":46,"stat.pickup.cyclicmagic.crafting_food":1,"stat.pickup.storagenetwork.kabel":103,"stat.pickup.sky_orchards.resin_clay":569,"stat.pickup.industrialforegoing.lava_fabricator":5,"stat.useItem.sky_orchards.sapling_redstone":10,"stat.pickup.minecraft.coal":57,"stat.drop.sky_orchards.amber_emerald":1,"stat.pickup.minecraft.iron_ingot":46,"stat.pickup.tconstruct.seared_tank":4,"stat.mineBlock.sky_orchards.leaves_copper":799,"stat.mineBlock.tp.reinforced_obsidian":82,"stat.pickup.minecraft.gunpowder":135,"stat.mineBlock.sky_orchards.log_sand":69,"stat.pickup.minecraft.dirt":1263,"stat.craftItem.ironjetpacks.stone_thruster":0,"stat.pickup.cyclicmagic.clock":1,"stat.mineBlock.minecraft.lapis_ore":3,"stat.pickup.minecraft.cookie":8,"stat.pickup.minecraft.iron_axe":1,"stat.useItem.cyclicmagic.tool_rotate":2,"stat.craftItem.mysticalagriculture.redstone_seeds":0,"stat.mineBlock.minecraft.red_flower":16,"stat.mineBlock.minecraft.torch":58,"stat.mineBlock.industrialforegoing.latex_processing_unit":2,"stat.craftItem.minecraft.comparator":3,"stat.craftItem.minecraft.glowstone":13,"stat.pickup.appliedenergistics2.interface":2,"stat.pickup.cyclicmagic.block_user":5,"stat.pickup.sky_orchards.leaves_netherrack":256,"stat.mineBlock.minecraft.fence_gate":5,"stat.pickup.minecraft.diamond_axe":1,"stat.pickup.sky_orchards.sapling_clay":311,"stat.pickup.statues.blockplayerstatue":14,"stat.killEntity.bouncy_creepers.bouncy_creeper":59,"stat.useItem.storagenetwork.storage_kabel":19,"stat.craftItem.tconstruct.smeltery_io":1,"stat.pickup.minecraft.diamond_pickaxe":1,"stat.useItem.tp.blackberry_berry":1,"stat.useItem.minecraft.lava_bucket":13,"stat.craftItem.morecauldrons.oak_cauldron":2,"stat.craftItem.slabmachines.chest_slab":1,"stat.craftItem.cookingforblockheads.milk_jar":0,"stat.drop.inspirations.wooden_crook":1,"stat.pickup.sky_orchards.acorn_netherrack":4299,"stat.pickup.cyclicmagic.ender_pearl_reuse":1,"stat.craftItem.storagenetwork.im_kabel":4,"stat.mineBlock.integrateddynamics.energy_battery":1,"stat.pickup.cookingforblockheads.cow_jar":2,"stat.useItem.minecraft.stained_hardened_clay":5,"stat.drop.minecraft.egg":6,"stat.useItem.cyclicmagic.item_pipe":1,"stat.useItem.minecraft.concrete":1,"stat.craftItem.cyclicmagic.block_forester":1,"stat.craftItem.conarm.boots":8,"stat.entityKilledBy.rogue_android":3,"stat.craftItem.mysticalagriculture.obsidian_seeds":0,"stat.mobKills":923,"stat.pickup.cyclicmagic.fluid_pipe":20,"stat.mineBlock.minecraft.bookshelf":233,"stat.mineBlock.simplegenerators.geothermal_upgradable":1,"stat.mineBlock.sky_orchards.log_gold":54,"stat.craftItem.minecraft.lead":2,"stat.pickup.minecraft.diamond":3,"stat.pickup.minecraft.beetroot_seeds":7,"stat.mineBlock.rustic.crushing_tub":4,"stat.drop.sky_orchards.acorn_clay":10,"stat.mineBlock.sky_orchards.log_nickel":6,"stat.mineBlock.sky_orchards.log_petrified":34,"stat.useItem.cyclicmagic.energy_pipe":100,"stat.pickup.valkyrielib.modifier_component":4,"stat.pickup.tp.diamond_cobblegen_block":12,"stat.pickup.tconstruct.shuriken":1,"stat.mineBlock.industrialforegoing.fluid_pump":1,"stat.mineBlock.cyclicmagic.clock":1,"stat.pickup.cyclicmagic.energy_pipe":102,"stat.drop.rustic.grape_stem":16,"stat.useItem.minecraft.soul_sand":7,"stat.killEntity.Blaze":108,"stat.mineBlock.cyclicmagic.item_pipe":1,"stat.mineBlock.horsepower.chopping_block":1,"stat.useItem.cyclicmagic.fluid_pump":1,"stat.pickup.sky_orchards.resin_lead":291,"stat.craftItem.teslacorelib.machine_case":7,"stat.drop.tconstruct.pickaxe":1,"stat.pickup.minecraft.glowstone_dust":17,"stat.mineBlock.sky_orchards.sapling_emerald":4,"stat.craftItem.horsepower.hand_grindstone":1,"stat.mineBlock.tp.blaze_cobblegen_block":1,"stat.pickup.tconstruct.metal":3,"stat.pickup.bibliocraft.fancysign":1,"stat.drop.tconstruct.crossbow":2,"stat.craftItem.tconstruct.casting":3,"stat.craftItem.minecraft.cobblestone_wall":6,"stat.pickup.minecraft.wooden_hoe":1,"stat.craftItem.minecraft.stone_sword":5,"stat.mineBlock.nuclearcraft.isotope_separator_idle":2,"stat.pickup.storagenetwork.request":2,"stat.craftItem.deepmoblearning.soot_covered_plate":8,"stat.mineBlock.industrialforegoing.plant_interactor":3,"stat.pickup.inspirations.mulch":29,"stat.craftItem.telepastries.lost_city_cake":1,"stat.mineBlock.sky_orchards.leaves_netherrack":372,"stat.hopperInspected":3,"stat.pickup.tconstruct.slime_sapling":67,"stat.drop.minecraft.diamond":1,"stat.mineBlock.cyclicmagic.auto_packager":3,"stat.useItem.tconstruct.channel":6,"stat.craftItem.mysticalagriculture.inferium_apple":0,"stat.craftItem.simplegenerators.combustion_simple":3,"stat.craftItem.minecraft.magma_cream":37,"stat.pickup.tp.blackberry_berry":1,"stat.craftItem.minecraft.observer":4,"stat.pickup.tconstruct.cleaver":3,"stat.drop.matteroverdrive.rogue_android_part":3,"stat.useItem.sky_orchards.acorn_coal":6,"stat.craftItem.thermalfoundation.material":452,"stat.mineBlock.sky_orchards.leaves_gold":998,"stat.useItem.mysticalagriculture.silicon_seeds":7,"stat.craftItem.cyclicmagic.block_user":2,"stat.pickup.deepmoblearning.data_model_zombie":1,"stat.craftItem.cyclicmagic.block_storeempty":1,"stat.pickup.mysticalagradditions.stuff":1,"stat.useItem.telepastries.overworld_cake":2,"stat.useItem.thermaldynamics.duct_0":129,"stat.pickup.rftoolspower.cell1":3,"stat.craftItem.cyclicmagic.block_soundproofing":8,"stat.drop.sky_orchards.acorn_copper":1,"stat.drop.sky_orchards.amber_cottonwood":8,"stat.killEntity.Horse":4,"stat.mineBlock.storagenetwork.kabel":105,"stat.craftItem.mysticalagriculture.storage":64,"stat.pickup.tconstruct.slime_dirt":4,"stat.mineBlock.simplegenerators.geothermal_simple":4,"stat.pickup.minecraft.pumpkin_seeds":3,"stat.craftItem.chisel.chisel_diamond":0,"stat.mineBlock.minecraft.soul_sand":551,"stat.craftItem.minecraft.obsidian":144,"stat.craftItem.simplegenerators.geothermal_simple":2,"stat.drop.tp.triple_compressed_nether_block":1,"stat.pickup.minecraft.blaze_rod":31,"stat.drop.xlfoodmod.lettuce_seeds":1,"stat.useItem.sky_orchards.acorn_dirt":13,"stat.craftItem.minecraft.diamond_block":2,"stat.drop.xlfoodmod.donut":6,"stat.pickup.mekanism.otherdust":40,"stat.mineBlock.cyclicmagic.block_user":5,"stat.drop.statues.blockplayerstatue":12,"stat.drop.cyclicmagic.item_pipe":1,"stat.pickup.minecraft.netherrack":297,"stat.mineBlock.nuclearcraft.alloy_furnace_idle":1,"stat.pickup.minecraft.pumpkin":1,"stat.recordPlayed":1,"stat.pickup.tconstruct.casting":39,"stat.pickup.minecraft.waterlily":1,"stat.craftItem.conarm.chestplate":8,"stat.craftItem.storagenetwork.kabel":80,"stat.pickup.sky_orchards.acorn_petrified":80,"stat.craftItem.sky_orchards.amber_coal":6,"stat.craftItem.sky_orchards.sapling_diamond":1,"stat.pickup.sky_orchards.resin_sand":535,"stat.mineBlock.minecraft.gold_block":1,"stat.craftItem.minecraft.iron_hoe":3,"stat.pickup.sky_orchards.resin_gold":170,"stat.craftItem.inspirations.mulch":72,"stat.useItem.nuclearcraft.solar_panel_basic":5,"stat.pickup.sky_orchards.sapling_cobalt":4,"stat.craftItem.tconstruct.wooden_hopper":1,"stat.pickup.nuclearcraft.ore":104,"stat.pickup.minecraft.melon_seeds":3,"stat.mineBlock.slabmachines.chest_slab":1,"stat.pickup.resourcehogs.bacon":7,"stat.useItem.cyclicmagic.inventory_food":1,"stat.mineBlock.sky_orchards.leaves_sand":731,"stat.pickup.chisel.futura":2,"stat.craftItem.industrialforegoing.fluid_pump":1,"stat.pickup.sky_orchards.resin_tin":56,"stat.drop.minecraft.bone":3,"stat.craftItem.ironjetpacks.basic_coil":10,"stat.useItem.minecraft.furnace":4,"stat.craftItem.tconstruct.materials":264,"stat.pickup.storagenetwork.master":1,"stat.mineBlock.minecraft.gravel":94,"stat.drop.minecraft.diamond_hoe":1,"stat.pickup.cyclicmagic.block_storeempty":1,"stat.drop.minecraft.iron_axe":2,"stat.craftItem.patchouli.guide_book":1,"stat.useItem.minecraft.torch":216,"stat.pickup.minecraft.iron_nugget":2,"stat.craftItem.minecraft.redstone_block":295,"stat.craftItem.mysticalagriculture.iron_seeds":0,"stat.useItem.minecraft.log":4,"stat.pickup.minecraft.crafting_table":1,"stat.pickup.sky_orchards.acorn_gold":201,"stat.craftItem.minecraft.crafting_table":5,"stat.pickup.industrialforegoing.sewage_composter_solidifier":7,"stat.pickup.simplegenerators.geothermal_simple":3,"stat.pickup.minecraft.redstone_block":2,"stat.pickup.sky_orchards.acorn_sand":585,"stat.pickup.minecraft.sapling":89,"stat.drop.sky_orchards.acorn_redstone":4,"stat.drop.minecraft.melon_seeds":2,"stat.pickup.minecraft.beetroot":2,"stat.mineBlock.storagenetwork.controller":2,"stat.killEntity.WitherSkeleton":46,"stat.pickup.sky_orchards.acorn_lapis":89,"stat.pickup.mysticalagriculture.boron_essence":8,"stat.useItem.sky_orchards.sapling_coal":5,"stat.drop.base.wrench":1,"stat.pickup.sky_orchards.sapling_diamond":506,"stat.pickup.rustic.deathstalk_mushroom":3,"stat.useItem.minecraft.baked_potato":256,"stat.pickup.minecraft.stone_slab":74,"stat.craftItem.sky_orchards.sapling_prosperity":1,"stat.pickup.minecraft.yellow_flower":12,"stat.pickup.minecraft.golden_rail":13,"stat.useItem.sky_orchards.sapling_dirt":10,"stat.drop.minecraft.wooden_axe":3,"stat.mineBlock.sky_orchards.log_netherrack":25,"stat.pickup.clickmachine.auto_clicker":1,"stat.drop.minecraft.stone_pickaxe":2,"stat.craftItem.minecraft.diamond_chestplate":2,"stat.pickup.minecraft.bone":198,"stat.craftItem.minecraft.sticky_piston":2,"stat.craftItem.ceramics.unfired_clay":5,"stat.pickup.minecraft.redstone_torch":36,"stat.mineBlock.sky_orchards.leaves_gravel":449,"stat.mineBlock.cyclicmagic.fluid_pump":16,"stat.craftItem.sky_orchards.sapling_quartz":1,"stat.craftItem.minecraft.bone":18,"stat.pickup.sky_orchards.resin_dirt":107,"stat.useItem.minecraft.diamond_sword":783,"stat.craftItem.tconstruct.slimesling":1,"stat.mineBlock.storagenetwork.im_kabel":2,"stat.useItem.sky_orchards.sapling_lapis":19,"stat.climbOneCm":155737,"stat.craftItem.minecraft.gold_block":1,"stat.pickup.industrialforegoing.plastic":2,"stat.pickup.rangedpumps.pump":3,"stat.craftItem.inspirations.stone_crook":24,"stat.ae2.ItemsExtracted":29613,"stat.entityKilledBy.ranged_rogue_android":1,"stat.useItem.rustic.slate":1,"stat.pickup.tp.watering_can":2,"stat.mineBlock.appliedenergistics2.interface":2,"stat.pickup.minecraft.daylight_detector":1,"stat.pickup.cyclicmagic.block_vacuum":5,"stat.pickup.cyclicmagic.harvester_block":3,"stat.craftItem.minecraft.bone_block":3,"stat.craftItem.sky_orchards.sapling_bone":1,"stat.pickup.minecraft.anvil":2,"stat.craftItem.minecraft.quartz":408,"stat.craftItem.minecraft.stone_pickaxe":2,"stat.pickup.minecraft.cobblestone":3173,"stat.craftItem.rftoolspower.information_screen":1,"stat.craftItem.minecraft.glass_bottle":3,"stat.pickup.minecraft.soul_sand":551,"stat.mineBlock.industrialforegoing.tree_fluid_extractor":2,"stat.pickup.sky_orchards.resin_coal":185,"stat.pickup.sky_orchards.sapling_petrified":136,"stat.craftItem.minecraft.dispenser":6,"stat.pickup.minecraft.redstone":215,"stat.craftItem.minecraft.book":3,"stat.mineBlock.minecraft.iron_ore":16,"stat.killEntity.ranged_rogue_android":47,"stat.craftItem.minecraft.cake":3,"stat.drop.minecraft.coal":21,"stat.craftItem.storagenetwork.upgrade":4,"stat.mineBlock.thermalfoundation.ore":77,"stat.craftItem.mysticalagriculture.boron_seeds":1,"stat.drop.minecraft.dirt":75,"stat.mineBlock.storagenetwork.storage_kabel":28,"stat.craftItem.tconstruct.soil":282,"stat.craftItem.sky_orchards.sapling_netherrack":1,"stat.pickup.tconstruct.smeltery_controller":2,"stat.useItem.tp.raspberry_berry":2,"stat.useItem.tconstruct.edible":1,"stat.mineBlock.sky_orchards.leaves_clay":1146,"stat.mineBlock.storagenetwork.process_kabel":2,"stat.drop.vc.item_guidebook_main":1,"stat.pickup.minecraft.nether_star":1,"stat.useItem.cyclicmagic.energy_pump":3,"stat.craftItem.thermaldynamics.duct_32":6,"stat.pickup.minecraft.paper":24,"stat.craftItem.minecraft.stick":236,"stat.craftItem.deepmoblearning.living_matter_hellish":4,"stat.craftItem.minecraft.stained_hardened_clay":8,"stat.craftItem.minecraft.gold_nugget":36,"stat.craftItem.cyclicmagic.auto_packager":1,"stat.craftItem.minecraft.clay_ball":772,"stat.useItem.rustic.sapling_apple":1,"stat.entityKilledBy.Creeper":2,"stat.craftItem.industrialforegoing.tree_fluid_extractor":1,"stat.pickup.sky_orchards.resin_copper":84,"stat.mineBlock.minecraft.planks":1741,"stat.drop":207,"stat.useItem.tp.diamond_cobblegen_block":7,"stat.killEntity.Sheep":4,"stat.craftItem.conarm.helmet":8,"stat.useItem.tconstruct.seared":104,"stat.mineBlock.simplegenerators.combustion_simple":8,"stat.pickup.storagenetwork.controller":2,"stat.useItem.thermaldynamics.filter":2,"stat.useItem.inspirations.stone_crook":5162,"stat.pickup.sky_orchards.acorn_cottonwood":60,"stat.pickup.cyclicmagic.fluid_pump":16,"stat.craftItem.minecraft.piston":6,"stat.useItem.minecraft.waterlily":1,"stat.pickup.morecauldrons.cobble_cauldron":12,"stat.useItem.minecraft.apple":154,"stat.pickup.endercrop.ender_seeds":3,"stat.pickup.minecraft.fence":429,"stat.useItem.minecraft.stone_axe":889,"stat.pickup.farmingforblockheads.market":1,"stat.mineBlock.cyclicmagic.item_pump":8,"stat.craftItem.minecraft.flint_and_steel":1,"stat.drop.inspirations.stone_crook":1,"stat.mineBlock.tconstruct.tooltables":2,"stat.mineBlock.minecraft.furnace":7,"stat.pickup.industrialforegoing.tinydryrubber":53,"stat.damageDealt":203445,"stat.craftItem.minecraft.gravel":186,"stat.craftItem.nuclearcraft.part":22,"stat.useItem.morecauldrons.oak_cauldron":1,"stat.pickup.minecraft.stick":3137,"stat.drop.tconstruct.bolt":1,"stat.craftItem.cyclicmagic.item_pipe":8,"stat.craftItem.mekanism.craftingformula":0,"stat.pickup.sky_orchards.acorn_clay":240,"stat.pickup.rustic.apple_seeds":1,"stat.pickup.bibliocraft.framingsaw":1,"stat.pickup.sky_orchards.acorn_emerald":13,"stat.craftItem.tp.triple_compressed_nether_block":1,"stat.mineBlock.sky_orchards.log_gravel":54,"stat.pickup.storagenetwork.im_kabel":5,"stat.pickup.sky_orchards.acorn_gravel":737,"stat.craftItem.nuclearcraft.manufactory_idle":1,"stat.craftItem.minecraft.redstone":1935,"stat.pickup.minecraft.air":0,"stat.mineBlock.appliedenergistics2.quartz_growth_accelerator":6,"stat.drop.sky_orchards.sapling_diamond":57,"stat.craftItem.integrateddynamics.energy_battery":1,"stat.pickup.thermaldynamics.servo":8,"stat.craftItem.tp.watering_can":1,"stat.pickup.sky_orchards.sapling_silver":151,"stat.craftItem.appliedenergistics2.crystal_seed":58,"stat.craftItem.sky_orchards.amber_cottonwood":8,"stat.craftItem.bdsandm.wood_crate":1,"stat.killEntity.Chicken":2,"stat.craftItem.sky_orchards.sapling_glowstone":1,"stat.craftItem.mekanism.machineblock3":0,"stat.mineBlock.minecraft.quartz_ore":64,"stat.useItem.cyclicmagic.auto_crafter":5,"stat.pickup.slabmachines.chest_slab":3,"stat.craftItem.minecraft.fence":78,"stat.useItem.sky_orchards.acorn_lapis":3,"stat.mineBlock.minecraft.leaves":1677,"stat.mineBlock.tconstruct.seared":72,"stat.craftItem.sky_orchards.amber_nickel":5,"stat.pickup.industrialforegoing.fertilizer":26,"stat.drop.tconstruct.book":2,"stat.craftItem.cyclicmagic.cyclic_wand_build":1,"stat.mineBlock.matteroverdrive.tritanium_ore":30,"stat.pickup.minecraft.wooden_slab":3,"stat.craftItem.minecraft.diamond_hoe":2,"stat.leaveGame":31,"stat.craftItem.thermalfoundation.wrench":1,"stat.killEntity.Parrot":1,"stat.pickup.tconstruct.edible":74,"stat.mineBlock.tconstruct.channel":7,"stat.useItem.minecraft.glowstone":1,"stat.craftItem.minecraft.ender_eye":0,"stat.mineBlock.farmingforblockheads.market":1,"stat.killEntity.PigZombie":118,"stat.craftItem.minecraft.stone_pressure_plate":2,"stat.pickup.nuclearcraft.dominos":1,"stat.pickup.sky_orchards.resin_cottonwood":117,"stat.drop.conarm.leggings":1,"stat.pickup.sky_orchards.acorn_diamond":433,"stat.pickup.horsepower.hand_grindstone":1,"stat.craftItem.telepastries.nether_cake":1,"stat.craftItem.sky_orchards.sapling_gravel":1,"stat.pickup.sky_orchards.sapling_dirt":541,"stat.pickup.minecraft.brick_block":69,"stat.mineBlock.minecraft.wooden_slab":3,"stat.mineBlock.rftoolspower.cell1":3,"stat.pickup.integrateddynamics.menril_sapling":2,"stat.pickup.nuclearcraft.ingot_former_idle":1,"stat.craftItem.bdsandm.upgrade":4,"stat.killEntity.Witch":1,"stat.pickup.sky_orchards.resin_petrified":55,"stat.drop.minecraft.gold_ingot":20,"stat.pickup.industrialforegoing.hydrator":1,"stat.pickup.simplegenerators.turbine_simple":3,"stat.craftItem.enderstorage.ender_storage":0,"stat.craftItem.conarm.book":0,"stat.mineBlock.minecraft.brick_block":65,"stat.craftItem.clickmachine.auto_clicker":2,"stat.mineBlock.deepmoblearning.simulation_chamber":2,"stat.pickup.cyclicmagic.item_pump":8,"stat.mineBlock.minecraft.hopper":2,"stat.mineBlock.minecraft.vine":178,"stat.pickup.thermalfoundation.material":30,"stat.craftItem.tp.iron_cobblegen_block":4,"stat.pickup.simplegenerators.geothermal_upgradable":1,"stat.killEntity.ZombieVillager":8,"stat.craftItem.cyclicmagic.fluid_pipe":8,"stat.craftItem.industrialforegoing.dryrubber":26,"stat.pickup.appliedenergistics2.quartz_growth_accelerator":6,"stat.drop.inspirations.potato_seeds":4,"stat.craftItem.tp.birthday_pickaxe":1,"stat.craftItem.chiselsandbits.wrench_wood":1,"stat.pickup.minecraft.beef":6,"stat.craftItem.tp.emerald_cobblegen_block":2,"stat.mineBlock.ae2stuff.grower":3,"stat.craftItem.mysticalagriculture.crafting":1187,"stat.pickup.industrialforegoing.tree_fluid_extractor":2,"stat.mineBlock.industrialforegoing.sewage_composter_solidifier":7,"stat.drop.sky_orchards.acorn_dirt":3,"stat.craftItem.storagenetwork.storage_kabel":20,"stat.pickup.minecraft.cauldron":3,"stat.craftItem.rangedpumps.pump":1,"stat.pickup.inspirations.potato_seeds":5,"stat.mineBlock.minecraft.stained_hardened_clay":30,"stat.pickup.sky_orchards.sapling_coal":318,"stat.drop.sky_orchards.sapling_netherrack":9,"stat.craftItem.minecraft.dropper":23,"stat.pickup.sky_orchards.leaves_coal":320,"stat.useItem.minecraft.dye":37,"stat.pickup.cyclicmagic.charm_air":1,"stat.mineBlock.enderstorage.ender_storage":3,"stat.drop.minecraft.glass_bottle":1,"stat.drop.minecraft.torch":1,"stat.craftItem.conarm.leggings":7,"stat.pickup.chisel.marble2":76,"stat.mineBlock.minecraft.tallgrass":155,"stat.pickup.tconstruct.seared":87,"stat.pickup.sky_orchards.acorn_quartz":52,"stat.pickup.inspirations.stone_crook":1,"stat.drop.storagenetwork.storage_kabel":6,"stat.pickup.minecraft.arrow":131,"stat.craftItem.mekanism.machineblock":3,"stat.useItem.mysticalagriculture.prudentium_apple":2,"stat.pickup.sky_orchards.resin_redstone":1438,"stat.craftItem.appliedenergistics2.part":52,"stat.pickup.minecraft.wooden_pressure_plate":1,"stat.mineBlock.rustic.deathstalk_mushroom":1,"stat.mineBlock.mekanism.machineblock3":1,"stat.pickup.tconstruct.cast_custom":14,"stat.craftItem.industrialforegoing.hydrator":1,"stat.useItem.sky_orchards.sapling_gravel":10,"stat.useItem.sky_orchards.amber_cottonwood":1,"stat.mineBlock.minecraft.chest":81,"stat.drop.cyclicmagic.item_pump":1,"stat.pickup.sky_orchards.resin_lapis":720,"stat.craftItem.minecraft.hopper":40,"stat.drop.sky_orchards.resin_iron":46,"stat.pickup.sky_orchards.sapling_tin":36,"stat.pickup.sky_orchards.acorn_redstone":259,"stat.pickup.nuclearcraft.solar_panel_basic":7,"stat.useItem.storagenetwork.process_kabel":2,"stat.mineBlock.cyclicmagic.fluid_pipe":20,"stat.pickup.bdsandm.metal_crate":3,"stat.pickup.minecraft.wheat_seeds":42,"stat.pickup.chisel.cobblestone":4,"stat.mineBlock.nuclearcraft.solar_panel_basic":7,"stat.pickup.darkutils.material":15,"stat.craftItem.cyclicmagic.block_vacuum":3,"stat.mineBlock.minecraft.dirt":755,"stat.pickup.sky_orchards.acorn_iron":217,"stat.useItem.minecraft.bread":13,"stat.drop.minecraft.porkchop":1,"stat.useItem.minecraft.cobblestone":2292,"stat.pickup.cyclicmagic.auto_packager":3,"stat.mineBlock.chisel.futura":2,"stat.pickup.cyclicmagic.auto_crafter":3,"stat.useItem.tconstruct.pickaxe":3387,"stat.drop.minecraft.carrot":1,"stat.craftItem.appliedenergistics2.drive":1,"stat.craftItem.minecraft.gold_ingot":383,"stat.pickup.minecraft.hopper":2,"stat.craftItem.minecraft.brewing_stand":1,"stat.pickup.minecraft.apple":14,"stat.craftItem.appliedenergistics2.fluix_block":6,"stat.useItem.nuclearcraft.dominos":1,"stat.mineBlock.sky_orchards.sapling_gravel":1,"stat.pickup.morecauldrons.oak_cauldron":6,"stat.mineBlock.minecraft.log":169,"stat.pickup.rustic.sapling_apple":5,"stat.craftItem.minecraft.paper":45,"stat.useItem.cyclicmagic.fluid_pipe":18,"stat.craftItem.nuclearcraft.water_source":1,"stat.drop.nuclearcraft.dominos":2,"stat.pickup.minecraft.red_flower":20,"stat.pickup.minecraft.wool":9,"stat.craftItem.industrialforegoing.plant_interactor":1,"stat.mineBlock.cyclicmagic.energy_pipe":103,"stat.useItem.minecraft.wooden_axe":139,"stat.cakeSlicesEaten":9,"stat.craftItem.minecraft.diamond_leggings":2,"stat.useItem.minecraft.iron_axe":412,"stat.craftItem.tconstruct.edible":24,"stat.mineBlock.minecraft.yellow_flower":9,"stat.useItem.minecraft.skull":5,"stat.craftItem.minecraft.wool":0,"stat.pickup.pickletweaks.coal_piece":50,"stat.mineBlock.astralsorcery.blockcustomore":7,"stat.mineBlock.vc.airship_workbench":1,"stat.useItem.nuclearcraft.smore":2,"stat.useItem.minecraft.obsidian":9,"stat.useItem.minecraft.cookie":2,"stat.mineBlock.cyclicmagic.energy_pump":9,"stat.useItem.tconstruct.cleaver":2,"stat.mineBlock.chisel.cobblestone":4,"stat.useItem.minecraft.egg":67,"stat.mineBlock.sky_orchards.leaves_emerald":267,"stat.mineBlock.minecraft.obsidian":21,"stat.mineBlock.sky_orchards.leaves_dirt":843,"stat.craftItem.minecraft.bow":4,"stat.craftItem.sky_orchards.amber_gold":208,"stat.mineBlock.sky_orchards.sapling_lapis":1,"stat.craftItem.cyclicmagic.item_pump":5,"stat.flyOneCm":6889817,"stat.mineBlock.sky_orchards.leaves_coal":705,"stat.pickup.minecraft.fish":5,"stat.pickup.rustic.slate":16,"stat.mineBlock.sky_orchards.log_copper":80,"stat.pickup.tp.blaze_cobblegen_block":1,"stat.timeSinceDeath":4785,"stat.useItem.cyclicmagic.block_user":2,"stat.killEntity.Bat":2,"stat.craftItem.mysticalagriculture.mystical_fertilizer":0,"stat.craftItem.rftoolspower.cell1":2,"stat.craftItem.tconstruct.slime_dirt":1,"stat.craftItem.tconstruct.seared":34,"stat.pickup.chargers.charger":2,"stat.mineBlock.minecraft.enchanting_table":1,"stat.craftItem.minecraft.concrete_powder":200,"stat.mineBlock.minecraft.coal_ore":14,"stat.drop.sky_orchards.sapling_bone":1,"stat.mineBlock.sky_orchards.leaves_diamond":1199,"stat.talkedToVillager":4,"stat.pickup.minecraft.string":34,"stat.pickup.sky_orchards.amber_iron":38,"stat.mineBlock.minecraft.ladder":17,"stat.pickup.sky_orchards.resin_netherrack":2452,"stat.craftItem.nuclearcraft.solar_panel_basic":6,"stat.craftItem.tconstruct.tooltables":1,"stat.craftItem.minecraft.wooden_axe":14,"stat.drop.sky_orchards.acorn_prosperity":1,"stat.craftItem.tconstruct.ingots":52,"stat.useItem.enderstorage.ender_storage":2,"stat.mineBlock.minecraft.diamond_ore":3,"stat.pickup.thermaldynamics.filter":1,"stat.craftItem.mysticalagriculture.tier1_inferium_seeds":19,"stat.craftItem.valkyrielib.modifier_speed":60,"stat.pickup.sky_orchards.leaves_gravel":128,"stat.craftItem.minecraft.wooden_pressure_plate":5,"stat.pickup.sky_orchards.leaves_silver":256,"stat.pickup.tconstruct.ore":90,"stat.useItem.minecraft.ladder":30,"stat.craftItem.deepmoblearning.machine_casing":1,"stat.pickup.sky_orchards.leaves_lead":384,"stat.mineBlock.practicallogistics2.hammer":1,"stat.diveOneCm":48679,"stat.useItem.cyclicmagic.emerald_pickaxe":757,"stat.pickup.tconstruct.tooltables":2,"stat.craftItem.minecraft.ladder":36,"stat.mineBlock.industrialforegoing.animal_byproduct_recolector":4,"stat.mineBlock.clickmachine.auto_clicker":1,"stat.drop.minecraft.ladder":12,"stat.useItem.sky_orchards.acorn_cottonwood":1,"stat.pickup.minecraft.stone_axe":1,"stat.useItem.bonsaitrees.bonsaipot":25,"stat.mineBlock.nuclearcraft.ingot_former_idle":1,"stat.mineBlock.industrialforegoing.hydrator":1,"stat.craftItem.deepmoblearning.deep_learner":1,"stat.craftItem.base.wrench":1,"stat.pickup.matteroverdrive.tritanium_ore":61,"stat.craftItem.minecraft.diamond_sword":1,"stat.pickup.industrialforegoing.animal_byproduct_recolector":4,"stat.jump":22918,"stat.mineBlock.sky_orchards.leaves_nickel":57,"stat.mineBlock.nuclearcraft.water_source":3,"stat.craftItem.ironjetpacks.stone_jetpack":0,"stat.craftItem.minecraft.torch":144,"stat.useItem.morecauldrons.cobble_cauldron":1,"stat.craftItem.sky_orchards.sapling_lapis":1,"stat.craftItem.cyclicmagic.placer_block":1,"stat.craftItem.storagenetwork.controller":1,"stat.craftItem.minecraft.glowstone_dust":12,"stat.useItem.minecraft.sapling":8,"stat.craftItem.practicallogistics2.hammer":1,"stat.pickup.minecraft.gold_ore":7,"stat.mineBlock.sky_orchards.log_emerald":25,"stat.mineBlock.thermaldynamics.duct_32":15,"stat.mineBlock.nuclearcraft.glowing_mushroom":2,"stat.mineBlock.minecraft.glass_pane":2,"stat.damageTaken":36453,"stat.killEntity.tconstruct.blueslime":4,"stat.useItem.minecraft.gold_block":1,"stat.pickup.minecraft.log2":2,"stat.drop.sky_orchards.sapling_silver":1,"stat.craftItem.sky_orchards.amber_lead":148,"stat.pickup.minecraft.concrete":4,"stat.pickup.tconstruct.ingots":1,"stat.pickup.minecraft.quartz_block":2352,"stat.pickup.minecraft.potato":1,"stat.useItem.forge.bucketfilled":3,"stat.useItem.mob_grinding_utils.spikes":11,"stat.craftItem.minecraft.stone_slab":72,"stat.animalsBred":1,"stat.useItem.minecraft.chest":50,"stat.pickup.sky_orchards.acorn_nickel":10,"stat.pickup.sky_orchards.leaves_gold":256,"stat.pickup.sky_orchards.sapling_bone":134,"stat.craftItem.ironjetpacks.stone_capacitor":0,"stat.mineBlock.thermaldynamics.duct_16":21,"stat.pickup.sky_orchards.leaves_sand":384,"stat.craftItem.mekanism.ingot":45,"stat.craftItem.sky_orchards.amber_silver":121,"stat.mineBlock.practicallogistics2.sapphireore":3,"stat.craftItem.rustic.crushing_tub":1,"stat.mineBlock.sky_orchards.log_diamond":111,"stat.pickup.minecraft.baked_potato":4,"stat.pickup.thermalfoundation.storage":1,"stat.drop.minecraft.potato":1,"stat.pickup.minecraft.ender_pearl":7,"stat.pickup.minecraft.ladder":41,"stat.useItem.minecraft.netherrack":90,"stat.craftItem.cyclicmagic.fluid_pump":2,"stat.mineBlock.minecraft.stonebrick":6,"stat.pickup.simplegenerators.combustion_simple":7,"stat.mineBlock.minecraft.glowstone":2,"stat.craftItem.minecraft.shears":1,"stat.useItem.minecraft.cobblestone_wall":2,"stat.drop.cyclicmagic.block_storeempty":1,"stat.pickup.deepmoblearning.deep_learner":1,"stat.pickup.minecraft.torch":124,"stat.useItem.thermaldynamics.servo":11,"stat.mineBlock.astralsorcery.blockcustomsandore":1,"stat.drop.minecraft.stone_axe":1,"stat.mineBlock.tp.cobblegen_block":2,"stat.drop.minecraft.arrow":2,"stat.drop.minecraft.shears":1,"stat.pickup.tconstruct.book":1,"stat.mineBlock.tconstruct.seared_tank":4,"stat.mineBlock.bibliocraft.fancysign":1,"stat.craftItem.minecraft.iron_axe":3,"stat.drop.cyclicmagic.energy_pipe":1,"stat.useItem.minecraft.lead":1,"stat.craftItem.storagenetwork.request":1,"stat.mineBlock.telepastries.hunting_dimension_cake":1,"stat.useItem.minecraft.planks":329,"stat.craftItem.sky_orchards.sapling_petrified":2,"stat.pickup.matteroverdrive.phaser_rifle":2,"stat.pickup.cyclicmagic.placer_block":3,"stat.pickup.tp.raspberry_berry":2,"stat.pickup.enderstorage.ender_storage":3,"stat.pickup.minecraft.porkchop":1,"stat.pickup.minecraft.blaze_powder":25,"stat.pickup.minecraft.glass":62,"stat.pickup.tconstruct.slimesling":1,"stat.useItem.minecraft.water_bucket":34,"stat.useItem.sky_orchards.sapling_iron":34,"stat.pickup.minecraft.sand":102,"stat.craftItem.mekanism.basicblock":2,"stat.pickup.nuclearcraft.water_source":3,"stat.useItem.mysticalagriculture.obsidian_seeds":13,"stat.pickup.chisel.cobblestone1":4,"stat.pickup.chisel.cobblestone2":2,"stat.mineBlock.cyclicmagic.block_soundproofing":1,"stat.pickup.patchouli.guide_book":1,"stat.craftItem.minecraft.blaze_powder":16,"stat.pickup.sky_orchards.sapling_nickel":17,"stat.craftItem.storagenetwork.process_kabel":16,"stat.mineBlock.horsepower.hand_grindstone":1,"stat.craftItem.minecraft.hardened_clay":8,"stat.craftItem.appliedenergistics2.quartz_growth_accelerator":6,"stat.drop.ceramics.clay_bucket":3,"stat.pickup.xlfoodmod.lettuce_seeds":3,"stat.pickup.vc.airships/item_airship":1,"stat.useItem.rftoolspower.cell1":1,"stat.pickup.appliedenergistics2.inscriber":1,"stat.pickup.minecraft.fence_gate":4,"stat.craftItem.nuclearcraft.ingot":151,"stat.pickup.nuclearcraft.manufactory_idle":2,"stat.pickup.minecraft.furnace":7,"stat.useItem.minecraft.redstone":1,"stat.pickup.tconstruct.cast":1,"stat.pickup.sky_orchards.acorn_copper":15,"stat.pickup.xlfoodmod.vanilla_flower":2,"stat.craftItem.industrialforegoing.range_addon":2,"stat.pickup.minecraft.skull":14,"stat.craftItem.minecraft.netherrack":845,"stat.pickup.deepmoblearning.soot_covered_redstone":50,"stat.pickup.cyclicmagic.block_soundproofing":7,"stat.craftItem.minecraft.sand":380,"stat.craftItem.appliedenergistics2.quartz_glass":52,"stat.craftItem.nuclearcraft.gem":164,"stat.drop.sky_orchards.sapling_sand":1,"stat.useItem.storagenetwork.kabel":31,"stat.craftItem.minecraft.heavy_weighted_pressure_plate":30,"stat.mineBlock.tconstruct.metal":2,"stat.playOneMinute":3047671,"stat.useItem.rustic.fertile_soil":169,"stat.pickup.tconstruct.rack":9,"stat.craftItem.mysticalagriculture.growth_accelerator":0,"stat.craftItem.industrialforegoing.lava_fabricator":1,"stat.drop.sky_orchards.sapling_emerald":8,"stat.mineBlock.storagenetwork.request":2,"stat.pickup.minecraft.iron_bars":3,"stat.drop.sky_orchards.sapling_gold":56,"stat.craftItem.appliedenergistics2.material":89,"stat.craftItem.tp.cobblegen_block":4,"stat.mineBlock.minecraft.netherrack":249,"stat.mineBlock.bdsandm.metal_crate":3,"stat.pickup.sky_orchards.amber_cottonwood":1,"stat.mineBlock.appliedenergistics2.cable_bus":11,"stat.pickup.practicallogistics2.hammer":2,"stat.craftItem.mysticalagriculture.chunk":8,"stat.useItem.inspirations.wooden_crook":408,"stat.mineBlock.rustic.slate":10,"stat.mineBlock.tconstruct.faucet":2,"stat.pickup.nuclearcraft.record_wanderer":2,"stat.craftItem.mob_grinding_utils.spikes":6,"stat.craftItem.minecraft.iron_nugget":36,"stat.fallOneCm":1506480,"stat.drop.minecraft.dye":1,"stat.pickup.sky_orchards.sapling_netherrack":496,"stat.craftItem.minecraft.chest":119,"stat.pickup.sky_orchards.amber_cobalt":25,"stat.pickup.minecraft.red_mushroom":2,"stat.mineBlock.cyclicmagic.harvester_block":3,"stat.pickup.sky_orchards.sapling_sand":380,"stat.mineBlock.nuclearcraft.ore":79,"stat.craftItem.ironjetpacks.strap":0,"stat.pickup.minecraft.feather":4,"stat.pickup.sky_orchards.leaves_redstone":128,"stat.pickup.nuclearcraft.alloy_furnace_idle":1,"stat.pickup.tconstruct.channel":7,"stat.pickup.sky_orchards.sapling_gold":307,"stat.craftItem.rftoolspower.power_core1":11,"stat.pickup.rustic.fertile_soil":8,"stat.craftItem.integrateddynamics.crystalized_menril_block":2,"stat.pickup.slabmachines.furnace_slab":2,"stat.pickup.storagenetwork.process_kabel":2,"stat.pickup.sky_orchards.amber_dirt":1,"stat.pickup.minecraft.lead":5,"stat.useItem.minecraft.stone_pickaxe":145,"stat.craftItem.tconstruct.seared_tank":2,"stat.useItem.minecraft.stone_sword":91,"stat.craftItem.sky_orchards.amber_tin":10,"stat.pickup.sky_orchards.sapling_prosperity":1,"stat.mineBlock.cyclicmagic.block_storeempty":1,"stat.craftItem.tconstruct.channel":0,"stat.mineBlock.sky_orchards.sapling_dirt":1,"stat.pickup.sky_orchards.leaves_clay":320,"stat.craftItem.tp.compressed_nether_block":105,"stat.drop.mysticalagriculture.inferium_apple":17,"stat.mineBlock.storagenetwork.master":1,"stat.craftItem.ceramics.clay_bucket":5,"stat.craftItem.appliedenergistics2.energy_acceptor":1,"stat.killEntity.LavaSlime":2,"stat.pickup.minecraft.log":8308,"stat.craftItem.deepmoblearning.data_model_zombie":6,"stat.useItem.sky_orchards.acorn_iron":3,"stat.mineBlock.rustic.fertile_soil":6,"stat.drop.practicallogistics2.hammer":1,"stat.pickup.matteroverdrive.rogue_android_part":14,"stat.pickup.industrialforegoing.fluid_pump":1,"stat.drop.horsepower.hand_grindstone":1,"stat.pickup.cyclicmagic.block_forester":2,"stat.pickup.minecraft.wooden_door":2,"stat.entityKilledBy.Enderman":5,"stat.useItem.xlfoodmod.donut":28,"stat.craftItem.tconstruct.smeltery_controller":1,"stat.killEntity.rogue_android":72,"stat.craftItem.thermaldynamics.duct_0":78,"stat.mineBlock.sky_orchards.log_clay":90,"stat.drop.sky_orchards.acorn_gold":30,"stat.drop.tconstruct.edible":2,"stat.craftItem.appliedenergistics2.interface":0,"stat.useItem.cyclicmagic.block_soundproofing":1,"stat.craftItem.simplegenerators.geothermal_upgradable":2,"stat.pickup.tconstruct.slime_boots":1,"stat.sneakTime":97499,"stat.mineBlock.minecraft.cobblestone_wall":11,"stat.entityKilledBy.Blaze":1,"stat.craftItem.slabmachines.workbench_slab":2,"stat.pickup.minecraft.chest":78,"stat.drop.sky_orchards.sapling_lead":2,"stat.useItem.mysticalagriculture.tier1_inferium_seeds":139,"stat.drop.conarm.book":1,"stat.drop.cyclicmagic.tool_rotate":1,"stat.drop.storagenetwork.kabel":17,"stat.drop.chiselsandbits.wrench_wood":1,"stat.craftItem.tconstruct.faucet":2,"stat.craftItem.minecraft.stone_brick_stairs":4,"stat.craftItem.sky_orchards.amber_iron":372,"stat.swimOneCm":22348,"stat.pickup.tp.reinforced_obsidian":81,"stat.craftItem.tp.double_compressed_nether_block":11,"stat.useItem.minecraft.dirt":162,"stat.pickup.practicallogistics2.sapphire":3,"stat.pickup.minecraft.enchanting_table":1,"stat.pickup.sky_orchards.sapling_glowstone":1,"stat.useItem.mysticalagriculture.blaze_seeds":23,"stat.drop.sky_orchards.acorn_cottonwood":46,"stat.pickup.minecraft.gold_block":4,"stat.mineBlock.minecraft.redstone_block":2,"stat.mineBlock.sky_orchards.sapling_gold":3,"stat.mineBlock.chisel.limestone2":1,"stat.pickup.minecraft.glass_bottle":4,"stat.useItem.chisel.cobblestone":4,"stat.pickup.appliedenergistics2.material":4,"stat.useItem.cyclicmagic.item_pump":4,"stat.pickup.sky_orchards.sapling_lead":191,"stat.craftItem.minecraft.wooden_slab":90,"stat.pickup.industrialforegoing.latex_processing_unit":2,"stat.mineBlock.cyclicmagic.auto_crafter":3,"stat.useItem.minecraft.sign":17,"stat.pickup.sky_orchards.resin_nickel":11,"stat.drop.minecraft.log":64,"stat.craftItem.tp.blaze_cobblegen_block":2,"stat.mineBlock.sky_orchards.sapling_sand":1,"stat.useItem.slabmachines.workbench_slab":1,"stat.pickup.minecraft.wooden_axe":1,"stat.mineBlock.minecraft.coal_block":3,"stat.pickup.sky_orchards.leaves_diamond":260,"stat.pickup.minecraft.stonebrick":9,"stat.craftItem.industrialforegoing.latex_processing_unit":1,"stat.useItem.sky_orchards.sapling_clay":9,"stat.craftItem.minecraft.blaze_rod":38,"stat.drop.minecraft.beetroot_seeds":3,"stat.useItem.appliedenergistics2.quartz_growth_accelerator":5,"stat.craftItem.minecraft.brick_block":88,"stat.craftItem.minecraft.stone_slab2":6,"stat.drop.conarm.chest_core":1,"stat.craftItem.sky_orchards.amber_emerald":1,"stat.drop.sky_orchards.resin_gravel":2,"stat.useItem.cyclicmagic.crafting_food":1,"stat.useItem.minecraft.stone_slab":11,"stat.craftItem.minecraft.stone":330,"stat.useItem.tconstruct.casting":1,"stat.mineBlock.minecraft.crafting_table":1,"stat.pickup.ae2stuff.grower":3,"stat.useItem.minecraft.diamond_pickaxe":842,"stat.craftItem.deepmoblearning.simulation_chamber":1,"stat.mineBlock.minecraft.quartz_block":2343,"stat.craftItem.nuclearcraft.dust":26,"stat.craftItem.mekanism.energyupgrade":8,"stat.craftItem.nuclearcraft.ingot_block":1,"stat.craftItem.sky_orchards.sapling_clay":1,"stat.mineBlock.rustic.leaves_apple":45,"stat.pickup.minecraft.slime_ball":1,"stat.craftItem.minecraft.diamond_pickaxe":1,"stat.pickup.nuclearcraft.ingot":21,"stat.useItem.tp.reinforced_obsidian":75,"stat.craftItem.minecraft.clay":323,"stat.useItem.thermalfoundation.wrench":16,"stat.mineBlock.sky_orchards.leaves_bone":56,"stat.pickup.minecraft.gravel":96,"stat.useItem.minecraft.glass_bottle":1,"stat.mineBlock.tconstruct.smeltery_controller":2,"stat.useItem.minecraft.diamond_axe":2444,"stat.mineBlock.tconstruct.slime_dirt":2,"stat.pickup.astralsorcery.itemrockcrystalsimple":16,"stat.craftItem.minecraft.brick_stairs":56,"stat.pickup.minecraft.brick":3,"stat.pickup.sky_orchards.leaves_iron":448,"stat.pickup.sky_orchards.acorn_tin":35,"stat.craftItem.tconstruct.rack":6,"stat.pickup.conarm.leggings":1,"stat.pickup.sky_orchards.sapling_redstone":328,"stat.craftItem.bonsaitrees.bonsaipot":55,"stat.pickup.sky_orchards.acorn_donut":124,"stat.pickup.minecraft.spider_eye":19,"stat.craftItem.tconstruct.book":2,"stat.pickup.minecraft.iron_ore":16,"stat.pickup.tconstruct.slime_congealed":89,"stat.mineBlock.minecraft.iron_bars":4,"stat.pickup.tconstruct.crossbow":2,"stat.pickup.minecraft.leaves":23,"stat.craftItem.cyclicmagic.harvester_block":1,"stat.mineBlock.tp.raspberry_bush":1,"stat.mineBlock.sky_orchards.log_lapis":71,"stat.pickup.minecraft.leather":6,"stat.craftItem.industrialforegoing.plastic":16,"stat.pickup.matteroverdrive.dilithium_crystal":34,"stat.pickup.mysticalagriculture.crafting":247,"stat.pickup.minecraft.reeds":37,"stat.craftItem.sky_orchards.amber_copper":1,"stat.drop.tp.watering_can":1,"stat.mineBlock.sky_orchards.log_redstone":56,"stat.pickup.storagenetwork.storage_kabel":28,"stat.pickup.tconstruct.materials":2,"stat.pickup.vc.airship_workbench":1,"stat.craftItem.deepmoblearning.polymer_clay":16,"stat.pickup.sky_orchards.sapling_quartz":3,"stat.pickup.sky_orchards.sapling_osmium":1,"stat.craftItem.minecraft.glass":99,"stat.craftItem.minecraft.cauldron":4,"stat.sleepInBed":3,"stat.mineBlock.sky_orchards.log_iron":249,"stat.killEntity.Cow":5,"stat.killEntity.Pig":1,"stat.craftItem.minecraft.iron_sword":18,"stat.pickup.sky_orchards.acorn_bone":60,"stat.walkOneCm":5892462,"stat.pickup.sky_orchards.resin_donut":64,"stat.playerKills":27,"stat.craftItem.thermaldynamics.filter":0,"stat.mineBlock.matteroverdrive.dilithium_ore":18,"stat.craftItem.inspirations.wooden_crook":4,"stat.mineBlock.cyclicmagic.block_vacuum":5,"stat.useItem.storagenetwork.im_kabel":2,"stat.craftItem.thermaldynamics.servo":5,"stat.mineBlock.thermaldynamics.duct_0":47,"stat.drop.minecraft.diamond_axe":1,"stat.mineBlock.rftoolspower.information_screen":1,"stat.mineBlock.slabmachines.workbench_slab":1,"stat.pickup.minecraft.stone":57,"stat.craftItem.sky_orchards.amber_redstone":1,"stat.drop.minecraft.diamond_leggings":1,"stat.pickup.sky_orchards.acorn_silver":768,"stat.useItem.minecraft.leaves":69,"stat.pickup.sky_orchards.sapling_gravel":344,"stat.pickup.minecraft.gold_ingot":13,"stat.killEntity.Skeleton":76,"stat.drop.sky_orchards.sapling_dirt":2,"stat.mineBlock.rangedpumps.pump":3,"stat.craftItem.cyclicmagic.energy_pipe":88,"stat.mineBlock.minecraft.redstone_torch":2,"stat.pickup.cyclicmagic.item_pipe":1,"stat.killEntity.Spider":52,"stat.pickup.minecraft.bread":1,"stat.craftItem.ae2stuff.grower":1,"stat.pickup.astralsorcery.itemcraftingcomponent":5,"stat.pickup.sky_orchards.sapling_ardite":1,"stat.pickup.minecraft.quartz":221,"stat.craftItem.cyclicmagic.tool_rotate":1,"stat.mineBlock.tp.blackberry_bush":1,"stat.craftItem.valkyrielib.modifier_component":68,"stat.craftItem.slabmachines.furnace_slab":1,"stat.useItem.chisel.cobblestone1":78,"stat.pickup.vc.item_guidebook_main":1,"stat.useItem.appliedenergistics2.part":12,"stat.mineBlock.minecraft.redstone_ore":22,"stat.useItem.mysticalagriculture.mystical_fertilizer":5,"stat.useItem.chisel.cobblestone2":2,"stat.mineBlock.tconstruct.casting":36,"stat.craftItem.minecraft.coal_block":1,"stat.pickup.rustic.core_root":3,"stat.mineBlock.chisel.planks-oak":9,"stat.craftItem.endercrop.ender_seeds":0,"stat.craftItem.minecraft.brick":459,"stat.pickup.xlfoodmod.donut":33,"stat.mineBlock.minecraft.stone":305,"stat.craftItem.simplegenerators.turbine_simple":1,"stat.mineBlock.mob_grinding_utils.spikes":8}